2022-01-03;35.203754;-89.930657;38128;Yes;443
2022-01-03;35.186387;-89.931672;38128;No;1
2022-01-03;35.224207;-89.93943;38128;Yes;3
2022-01-05;35.248495;-89.932933;38128;Yes;4
2022-01-07;35.198483;-89.940203;38128;No;470
2022-01-07;35.224571;-89.921569;38128;Yes;4
2022-01-07;35.239951;-89.935893;38128;No;2
2022-01-07;35.245352;-89.90757;38128;No;18
2022-01-07;35.198483;-89.940203;38128;No;470
2022-01-07;35.201208;-89.938653;38128;No;1
2022-01-10;35.210694;-89.901685;38128;Yes;2
2022-01-10;35.222269;-89.924948;38128;Yes;2
2022-01-10;35.180536;-89.93452;38128;Yes;291
2022-01-11;35.200991;-89.901601;38128;No;499
2022-01-11;35.242112;-89.957135;38128;Yes;2
2022-01-11;35.200669;-89.896738;38128;No;202
2022-01-12;35.194504;-89.909102;38128;Yes;824
2022-01-12;35.195136;-89.911738;38128;No;824
2022-01-12;35.194312;-89.910351;38128;No;824
2022-01-12;35.20519;-89.905436;38128;No;4
2022-01-12;35.242555;-89.956173;38128;Yes;3
2022-01-12;35.194919;-89.910065;38128;Yes;824
2022-01-12;35.239838;-89.944622;38128;No;5
2022-01-12;35.194671;-89.911287;38128;No;824
2022-01-12;35.196962;-89.909212;38128;No;824
2022-01-12;35.194312;-89.910351;38128;No;824
2022-01-12;35.194312;-89.910351;38128;No;824
2022-01-13;35.221467;-89.929281;38128;Yes;10
2022-01-14;35.227329;-89.942412;38128;No;2
2022-01-14;35.24512;-89.909233;38128;No;7
2022-01-18;35.248;-89.905419;38128;No;2
2022-01-18;35.2127;-89.907682;38128;Yes;1
2022-01-18;35.249976;-89.941012;38128;No;422
2022-01-18;35.207964;-89.946688;38128;No;3
2022-01-18;35.24837;-89.940559;38128;No;422
2022-01-19;35.193783;-89.908009;38128;No;1
2022-01-19;35.222443;-89.921646;38128;Yes;1
2022-01-19;35.209408;-89.901722;38128;Yes;2
2022-01-19;35.244142;-89.913468;38128;Yes;1
2022-01-19;35.219717;-89.920215;38128;No;2
2022-01-19;35.256183;-89.925582;38128;Yes;523
2022-01-19;35.257076;-89.925193;38128;Yes;523
2022-01-20;35.255086;-89.937139;38128;No;97
2022-01-20;35.236914;-89.939456;38128;Yes;2
2022-01-20;35.201727;-89.916986;38128;No;1
2022-01-20;35.253187;-89.937538;38128;No;97
2022-01-20;35.25413;-89.937176;38128;No;97
2022-01-20;35.244244;-89.90547;38128;Yes;3
2022-01-21;35.204195;-89.924803;38128;Yes;381
2022-01-21;35.203822;-89.924991;38128;Yes;381
2022-01-21;35.203588;-89.924747;38128;Yes;381
2022-01-21;35.203822;-89.924991;38128;Yes;381
2022-01-21;35.251738;-89.935316;38128;No;379
2022-01-21;35.204942;-89.925608;38128;No;381
2022-01-21;35.204662;-89.92543;38128;No;381
2022-01-21;35.204869;-89.924429;38128;No;381
2022-01-21;35.204662;-89.92543;38128;Yes;381
2022-01-21;35.2043;-89.92507;38128;No;381
2022-01-21;35.2043;-89.92507;38128;No;381
2022-01-21;35.204942;-89.925608;38128;Yes;381
2022-01-21;35.210489;-89.924194;38128;Yes;113
2022-01-21;35.252806;-89.902497;38128;Yes;3
2022-01-21;35.210594;-89.896921;38128;Yes;206
2022-01-21;35.256522;-89.940431;38128;No;3
2022-01-21;35.225958;-89.902223;38128;Yes;1
2022-01-22;35.255895;-89.924442;38128;Yes;523
2022-01-24;35.239615;-89.943932;38128;Yes;6
2022-01-24;35.200184;-89.937006;38128;No;998
2022-01-24;35.200475;-89.937573;38128;Yes;998
2022-01-24;35.200523;-89.93628;38128;Yes;998
2022-01-24;35.200105;-89.937994;38128;No;998
2022-01-24;35.249444;-89.955004;38128;Yes;1
2022-01-24;35.200978;-89.93702;38128;No;998
2022-01-24;35.244645;-89.901056;38128;Yes;3
2022-01-24;35.201739;-89.935979;38128;Yes;998
2022-01-24;35.248099;-89.913504;38128;Yes;2
2022-01-25;35.217599;-89.922579;38128;Yes;3
2022-01-25;35.236066;-89.936862;38128;Yes;5
2022-01-26;35.20056;-89.899925;38128;Yes;499
2022-01-26;35.227246;-89.9414;38128;No;1
2022-01-27;35.236019;-89.924188;38128;Yes;212
2022-01-27;35.235031;-89.923408;38128;Yes;225
2022-01-27;35.234299;-89.923449;38128;Yes;225
2022-01-27;35.233614;-89.924282;38128;No;74
2022-01-27;35.236011;-89.923523;38128;No;212
2022-01-27;35.236132;-89.924874;38128;No;212
2022-01-27;35.250753;-89.940355;38128;No;422
2022-01-27;35.250753;-89.940355;38128;No;422
2022-01-27;35.235524;-89.923771;38128;No;225
2022-01-27;35.198483;-89.940203;38128;No;470
2022-01-28;35.198643;-89.904167;38128;No;534
2022-01-28;35.200115;-89.904641;38128;No;534
2022-01-28;35.221402;-89.946396;38128;Yes;98
2022-01-28;35.221766;-89.94637;38128;Yes;98
2022-01-28;35.221402;-89.946396;38128;No;98
2022-01-28;35.221402;-89.946396;38128;Yes;98
2022-01-28;35.222382;-89.946928;38128;Yes;98
2022-01-28;35.220673;-89.947019;38128;Yes;98
2022-01-28;35.220798;-89.946623;38128;No;98
2022-01-28;35.247154;-89.914165;38128;No;1
2022-01-28;35.198643;-89.904167;38128;No;534
2022-01-28;35.220063;-89.946784;38128;Yes;98
2022-01-28;35.220417;-89.946407;38128;No;98
2022-01-28;35.199252;-89.90514;38128;No;534
2022-01-28;35.199252;-89.90514;38128;No;534
2022-01-28;35.199645;-89.904559;38128;No;534
2022-01-28;35.255086;-89.937139;38128;No;97
2022-01-28;35.235569;-89.93672;38128;Yes;2
2022-01-28;35.199479;-89.905136;38128;No;534
2022-01-31;35.203357;-89.930664;38128;Yes;443
2022-01-31;35.203142;-89.929443;38128;Yes;443
2022-01-31;35.204172;-89.93092;38128;Yes;443
2022-01-31;35.203754;-89.930657;38128;No;443
2022-01-31;35.229611;-89.934667;38128;Yes;3
2022-01-31;35.203142;-89.929443;38128;Yes;443
2022-01-31;35.203186;-89.928939;38128;No;443
2022-01-31;35.242068;-89.954713;38128;No;6
2022-01-31;35.248531;-89.95326;38128;No;5
2022-01-31;35.213426;-89.897715;38128;No;3
2022-01-31;35.212452;-89.92189;38128;Yes;140
2022-01-31;35.212452;-89.92189;38128;No;140
2022-01-31;35.203186;-89.928939;38128;No;443
2022-01-31;35.203357;-89.930664;38128;Yes;443
2022-01-31;35.203186;-89.928939;38128;Yes;443
2022-02-01;35.241691;-89.95672;38128;Yes;1
2022-02-01;35.223219;-89.904511;38128;No;1
2022-02-01;35.249211;-89.941495;38128;Yes;422
2022-02-01;35.200669;-89.896738;38128;Yes;202
2022-02-01;35.201932;-89.900461;38128;No;499
2022-02-01;35.200809;-89.89931;38128;No;499
2022-02-01;35.180489;-89.933286;38128;No;291
2022-02-01;35.201346;-89.900461;38128;Yes;499
2022-02-01;35.242743;-89.940673;38128;Yes;5
2022-02-01;35.225583;-89.941302;38128;No;1
2022-02-01;35.22386;-89.896608;38128;Yes;10
2022-02-01;35.200492;-89.901845;38128;No;499
2022-02-01;35.237396;-89.937124;38128;No;1
2022-02-01;35.244327;-89.906041;38128;No;2
2022-02-01;35.200873;-89.900601;38128;Yes;499
2022-02-01;35.200873;-89.900601;38128;No;499
2022-02-02;35.239572;-89.93659;38128;No;1
2022-02-02;35.196746;-89.954971;38128;Yes;4
2022-02-02;35.209664;-89.907857;38128;No;2
2022-02-02;35.200942;-89.913934;38128;No;607
2022-02-07;35.251097;-89.904326;38128;No;2
2022-02-07;35.19867;-89.938654;38128;No;470
2022-02-07;35.231094;-89.936212;38128;Yes;2
2022-02-07;35.198358;-89.939018;38128;Yes;470
2022-02-07;35.242359;-89.903097;38128;Yes;3
2022-02-07;35.198358;-89.939018;38128;No;470
2022-02-07;35.19867;-89.938654;38128;No;470
2022-02-07;35.198483;-89.940203;38128;Yes;470
2022-02-08;35.249899;-89.951593;38128;No;4
2022-02-09;35.248902;-89.932902;38128;Yes;4
2022-02-10;35.234274;-89.9403;38128;Yes;1
2022-02-10;35.21041;-89.92358;38128;Yes;113
2022-02-10;35.252923;-89.902259;38128;Yes;4
2022-02-10;35.210331;-89.922802;38128;No;113
2022-02-10;35.210516;-89.922927;38128;No;113
2022-02-11;35.201945;-89.914254;38128;Yes;607
2022-02-11;35.210061;-89.952684;38128;Yes;320
2022-02-11;35.244704;-89.908723;38128;No;4
2022-02-11;35.210233;-89.951983;38128;No;320
2022-02-11;35.209997;-89.952348;38128;No;320
2022-02-11;35.210061;-89.952684;38128;Yes;320
2022-02-11;35.201568;-89.914231;38128;Yes;607
2022-02-11;35.209793;-89.952198;38128;Yes;320
2022-02-15;35.25413;-89.937176;38128;No;97
2022-02-15;35.253187;-89.937538;38128;No;97
2022-02-15;35.255086;-89.937139;38128;Yes;97
2022-02-15;35.23978;-89.943078;38128;Yes;4
2022-02-15;35.248558;-89.954261;38128;Yes;3
2022-02-16;35.241791;-89.943942;38128;No;12
2022-02-16;35.252224;-89.954685;38128;Yes;3
2022-02-16;35.195355;-89.909094;38128;Yes;824
2022-02-16;35.195027;-89.910838;38128;Yes;824
2022-02-16;35.194919;-89.910065;38128;Yes;824
2022-02-16;35.194312;-89.910351;38128;Yes;824
2022-02-16;35.195361;-89.911136;38128;Yes;824
2022-02-16;35.195128;-89.910588;38128;No;824
2022-02-17;35.202062;-89.934762;38128;Yes;998
2022-02-17;35.202288;-89.935327;38128;No;998
2022-02-17;35.20099;-89.935722;38128;No;998
2022-02-17;35.202189;-89.935568;38128;Yes;998
2022-02-17;35.199796;-89.937666;38128;Yes;998
2022-02-17;35.194707;-89.900898;38128;Yes;567
2022-02-17;35.200235;-89.936743;38128;Yes;998
2022-02-17;35.199796;-89.937666;38128;Yes;998
2022-02-17;35.194644;-89.902513;38128;No;567
2022-02-17;35.194913;-89.901653;38128;Yes;567
2022-02-17;35.20099;-89.935722;38128;Yes;998
2022-02-17;35.202062;-89.934762;38128;No;998
2022-02-17;35.188783;-89.922855;38128;Yes;1
2022-02-17;35.200184;-89.937006;38128;Yes;998
2022-02-17;35.195319;-89.902328;38128;No;567
2022-02-17;35.199796;-89.937666;38128;Yes;998
2022-02-17;35.201043;-89.935453;38128;Yes;998
2022-02-17;35.201518;-89.935953;38128;Yes;998
2022-02-17;35.202288;-89.935327;38128;Yes;998
2022-02-17;35.194644;-89.902513;38128;Yes;567
2022-02-17;35.202189;-89.935568;38128;Yes;998
2022-02-18;35.223771;-89.92338;38128;No;2
2022-02-18;35.252037;-89.936731;38128;No;379
2022-02-18;35.213619;-89.908806;38128;Yes;1
2022-02-18;35.198643;-89.904167;38128;Yes;534
2022-02-18;35.198484;-89.904445;38128;No;534
2022-02-18;35.199479;-89.905136;38128;No;534
2022-02-18;35.20001;-89.904026;38128;Yes;534
2022-02-18;35.233665;-89.932406;38128;Yes;2
2022-02-18;35.251933;-89.93488;38128;No;379
2022-02-18;35.199479;-89.905136;38128;No;534
2022-02-18;35.209655;-89.958313;38128;No;1
2022-02-18;35.199902;-89.903721;38128;Yes;534
2022-02-18;35.225393;-89.929924;38128;No;6
2022-02-18;35.199252;-89.90514;38128;No;534
2022-02-18;35.246043;-89.918882;38128;Yes;1
2022-02-18;35.251159;-89.935826;38128;No;379
2022-02-18;35.252037;-89.936731;38128;No;379
2022-02-18;35.199479;-89.905136;38128;Yes;534
2022-02-21;35.196331;-89.901236;38128;No;794
2022-02-21;35.196331;-89.901236;38128;Yes;794
2022-02-21;35.181919;-89.933294;38128;No;108
2022-02-21;35.197419;-89.900719;38128;No;794
2022-02-21;35.198007;-89.901435;38128;No;794
2022-02-21;35.249088;-89.942139;38128;No;422
2022-02-21;35.249088;-89.942139;38128;Yes;422
2022-02-21;35.19964;-89.901575;38128;No;794
2022-02-21;35.198372;-89.901123;38128;No;794
2022-02-21;35.249976;-89.941012;38128;No;422
2022-02-21;35.1974;-89.901181;38128;Yes;794
2022-02-22;35.250505;-89.955769;38128;Yes;3
2022-02-22;35.210819;-89.925885;38128;No;126
2022-02-22;35.19964;-89.901575;38128;No;794
2022-02-22;35.197966;-89.90196;38128;Yes;794
2022-02-22;35.198007;-89.901435;38128;Yes;794
2022-02-22;35.1974;-89.901181;38128;No;794
2022-02-22;35.209912;-89.924031;38128;No;113
2022-02-23;35.202065;-89.934491;38128;Yes;998
2022-02-23;35.200475;-89.937573;38128;Yes;998
2022-02-23;35.260197;-89.927768;38128;No;523
2022-02-23;35.222001;-89.894874;38128;No;248
2022-02-23;35.259771;-89.925885;38128;Yes;523
2022-02-23;35.201518;-89.935953;38128;Yes;998
2022-02-23;35.222066;-89.895716;38128;No;248
2022-02-23;35.212343;-89.923408;38128;Yes;5
2022-02-23;35.20099;-89.935722;38128;Yes;998
2022-02-23;35.224373;-89.927178;38128;No;1
2022-02-23;35.200105;-89.937994;38128;No;998
2022-02-23;35.200523;-89.93628;38128;No;998
2022-02-23;35.200105;-89.937994;38128;Yes;998
2022-02-23;35.200184;-89.937006;38128;No;998
2022-02-23;35.221704;-89.896915;38128;No;248
2022-02-23;35.202189;-89.935568;38128;Yes;998
2022-02-23;35.199796;-89.937666;38128;Yes;998
2022-02-23;35.201366;-89.934937;38128;Yes;998
2022-02-23;35.202062;-89.934762;38128;No;998
2022-02-23;35.200211;-89.938232;38128;Yes;998
2022-02-23;35.249389;-89.953377;38128;Yes;4
2022-02-23;35.200978;-89.93702;38128;No;998
2022-02-23;35.202288;-89.935327;38128;Yes;998
2022-02-23;35.20262;-89.934994;38128;Yes;998
2022-02-23;35.202616;-89.934723;38128;No;998
2022-02-23;35.226146;-89.94019;38128;No;2
2022-02-23;35.201366;-89.934937;38128;Yes;998
2022-02-23;35.202062;-89.934762;38128;No;998
2022-02-23;35.201568;-89.934822;38128;No;998
2022-02-24;35.181919;-89.933294;38128;No;108
2022-02-24;35.240432;-89.910738;38128;No;1
2022-02-24;35.227768;-89.944279;38128;Yes;6
2022-02-25;35.230783;-89.920783;38128;No;3
2022-02-25;35.200739;-89.901193;38128;No;499
2022-02-28;35.207787;-89.907262;38128;No;1
2022-02-28;35.219648;-89.931964;38128;No;4
2022-02-28;35.181046;-89.933835;38128;Yes;291
2022-02-28;35.212561;-89.960812;38128;No;5
2022-03-01;35.240393;-89.928168;38128;No;557
2022-03-01;35.182165;-89.920584;38128;Yes;7
2022-03-01;35.240636;-89.927917;38128;Yes;557
2022-03-01;35.239155;-89.928072;38128;No;557
2022-03-01;35.240393;-89.928168;38128;No;557
2022-03-01;35.239136;-89.927643;38128;Yes;557
2022-03-01;35.2397;-89.928439;38128;No;557
2022-03-01;35.240896;-89.92725;38128;No;557
2022-03-01;35.239117;-89.928327;38128;Yes;557
2022-03-01;35.23982;-89.92749;38128;Yes;557
2022-03-01;35.240896;-89.92725;38128;No;557
2022-03-01;35.239779;-89.927939;38128;No;557
2022-03-01;35.238991;-89.926808;38128;No;557
2022-03-01;35.239511;-89.928254;38128;No;557
2022-03-01;35.240636;-89.927917;38128;No;557
2022-03-01;35.238997;-89.927018;38128;No;557
2022-03-02;35.200216;-89.898222;38128;Yes;202
2022-03-02;35.201536;-89.901622;38128;Yes;499
2022-03-02;35.200873;-89.900601;38128;No;499
2022-03-02;35.200873;-89.900601;38128;No;499
2022-03-02;35.243238;-89.916248;38128;Yes;4
2022-03-02;35.202039;-89.896346;38128;Yes;202
2022-03-02;35.23704;-89.935347;38128;No;1
2022-03-04;35.23303;-89.927614;38128;No;3
2022-03-04;35.224992;-89.9085;38128;No;1
2022-03-04;35.237849;-89.935686;38128;No;1
2022-03-04;35.239993;-89.927104;38128;No;557
2022-03-04;35.239713;-89.9264;38128;Yes;557
2022-03-04;35.239993;-89.927104;38128;No;557
2022-03-04;35.240176;-89.941758;38128;No;1
2022-03-04;35.240754;-89.926394;38128;Yes;557
2022-03-04;35.240582;-89.927472;38128;Yes;557
2022-03-04;35.240288;-89.926381;38128;No;557
2022-03-04;35.239713;-89.9264;38128;No;557
2022-03-04;35.240386;-89.927084;38128;No;557
2022-03-04;35.240288;-89.926381;38128;No;557
2022-03-04;35.23881;-89.94217;38128;Yes;2
2022-03-04;35.239713;-89.9264;38128;Yes;557
2022-03-04;35.239713;-89.9264;38128;No;557
2022-03-04;35.239673;-89.926883;38128;No;557
2022-03-04;35.240288;-89.926381;38128;No;557
2022-03-04;35.240754;-89.926394;38128;Yes;557
2022-03-04;35.240386;-89.927084;38128;No;557
2022-03-04;35.256324;-89.938529;38128;No;3
2022-03-07;35.197965;-89.938988;38128;Yes;470
2022-03-07;35.198483;-89.940203;38128;No;470
2022-03-07;35.198244;-89.939958;38128;Yes;470
2022-03-07;35.198807;-89.939938;38128;No;470
2022-03-07;35.200492;-89.901845;38128;No;499
2022-03-07;35.253942;-89.901427;38128;Yes;1
2022-03-07;35.251327;-89.955774;38128;No;6
2022-03-07;35.198307;-89.938561;38128;Yes;470
2022-03-08;35.195274;-89.902114;38128;Yes;567
2022-03-08;35.249211;-89.941495;38128;Yes;422
2022-03-08;35.198358;-89.939018;38128;No;470
2022-03-08;35.195412;-89.901297;38128;Yes;567
2022-03-08;35.194644;-89.902513;38128;No;567
2022-03-08;35.193618;-89.901262;38128;No;567
2022-03-08;35.195412;-89.901297;38128;No;567
2022-03-08;35.194644;-89.902513;38128;No;567
2022-03-09;35.200065;-89.897714;38128;No;202
2022-03-10;35.219231;-89.925706;38128;No;200
2022-03-10;35.236863;-89.942536;38128;Yes;1
2022-03-10;35.219431;-89.926786;38128;Yes;200
2022-03-10;35.219983;-89.926139;38128;No;200
2022-03-10;35.205002;-89.92475;38128;Yes;381
2022-03-10;35.204195;-89.924803;38128;Yes;381
2022-03-10;35.204662;-89.92543;38128;Yes;381
2022-03-10;35.217979;-89.9169;38128;No;4
2022-03-10;35.219438;-89.927005;38128;No;200
2022-03-11;35.244797;-89.952925;38128;Yes;3
2022-03-11;35.197966;-89.90196;38128;No;794
2022-03-11;35.227422;-89.930523;38128;No;2
2022-03-11;35.229141;-89.942353;38128;No;3
2022-03-11;35.198208;-89.898669;38128;No;1
2022-03-14;35.186297;-89.929142;38128;Yes;5
2022-03-14;35.255086;-89.937139;38128;No;97
2022-03-14;35.25413;-89.937176;38128;No;97
2022-03-14;35.253626;-89.937007;38128;Yes;97
2022-03-14;35.255086;-89.937139;38128;No;97
2022-03-15;35.200184;-89.937006;38128;No;998
2022-03-15;35.201366;-89.934937;38128;Yes;998
2022-03-15;35.200475;-89.937573;38128;Yes;998
2022-03-15;35.200105;-89.937994;38128;Yes;998
2022-03-15;35.201366;-89.934937;38128;Yes;998
2022-03-15;35.202616;-89.934723;38128;Yes;998
2022-03-15;35.250743;-89.936027;38128;No;379
2022-03-15;35.201043;-89.935453;38128;No;998
2022-03-15;35.202288;-89.935327;38128;No;998
2022-03-15;35.211633;-89.897514;38128;Yes;206
2022-03-15;35.252373;-89.935334;38128;No;379
2022-03-15;35.200523;-89.93628;38128;Yes;998
2022-03-15;35.250371;-89.935705;38128;No;379
2022-03-15;35.202065;-89.934491;38128;No;998
2022-03-15;35.250944;-89.931719;38128;Yes;4
2022-03-15;35.210745;-89.896588;38128;No;206
2022-03-15;35.201568;-89.934822;38128;No;998
2022-03-15;35.200235;-89.936743;38128;Yes;998
2022-03-15;35.199796;-89.937666;38128;Yes;998
2022-03-16;35.242252;-89.941021;38128;No;3
2022-03-16;35.248534;-89.940195;38128;No;422
2022-03-16;35.239002;-89.941266;38128;No;5
2022-03-16;35.247076;-89.938296;38128;No;2
2022-03-16;35.250658;-89.910068;38128;No;4
2022-03-16;35.202078;-89.913632;38128;No;607
2022-03-16;35.244293;-89.95674;38128;No;6
2022-03-16;35.201783;-89.91359;38128;No;607
2022-03-16;35.249411;-89.940904;38128;No;422
2022-03-17;35.246556;-89.92268;38128;No;1
2022-03-17;35.211633;-89.897514;38128;No;206
2022-03-17;35.236554;-89.936474;38128;Yes;1
2022-03-17;35.240228;-89.938454;38128;Yes;2
2022-03-18;35.237868;-89.929845;38128;Yes;5
2022-03-18;35.239155;-89.928072;38128;No;557
2022-03-18;35.249211;-89.941495;38128;No;422
2022-03-18;35.240288;-89.926381;38128;No;557
2022-03-18;35.239089;-89.927168;38128;No;557
2022-03-18;35.239136;-89.927643;38128;No;557
2022-03-18;35.239136;-89.927643;38128;No;557
2022-03-18;35.23982;-89.92749;38128;No;557
2022-03-18;35.239117;-89.928635;38128;No;557
2022-03-18;35.23907;-89.928558;38128;No;557
2022-03-18;35.240582;-89.927472;38128;Yes;557
2022-03-18;35.240993;-89.926683;38128;No;557
2022-03-18;35.239713;-89.9264;38128;Yes;557
2022-03-18;35.23952;-89.928372;38128;No;557
2022-03-18;35.240288;-89.926381;38128;No;557
2022-03-18;35.196195;-89.949596;38128;No;1
2022-03-18;35.249934;-89.94033;38128;No;422
2022-03-18;35.239502;-89.927319;38128;No;557
2022-03-18;35.239097;-89.927158;38128;No;557
2022-03-18;35.240393;-89.928168;38128;No;557
2022-03-18;35.23982;-89.92749;38128;No;557
2022-03-18;35.239494;-89.927105;38128;No;557
2022-03-18;35.250753;-89.940355;38128;Yes;422
2022-03-18;35.240916;-89.928152;38128;No;557
2022-03-18;35.239136;-89.927643;38128;Yes;557
2022-03-18;35.23982;-89.92749;38128;No;557
2022-03-21;35.243637;-89.908411;38128;No;5
2022-03-22;35.245561;-89.953269;38128;Yes;3
2022-03-23;35.194907;-89.900365;38128;No;567
2022-03-23;35.247171;-89.953499;38128;Yes;2
2022-03-23;35.20805;-89.904647;38128;No;4
2022-03-23;35.221704;-89.896915;38128;No;248
2022-03-23;35.249088;-89.942139;38128;Yes;422
2022-03-23;35.215861;-89.910045;38128;Yes;2
2022-03-24;35.234944;-89.923911;38128;Yes;225
2022-03-24;35.235565;-89.93618;38128;Yes;3
2022-03-24;35.226926;-89.931477;38128;No;2
2022-03-24;35.203588;-89.924747;38128;Yes;381
2022-03-24;35.258046;-89.928537;38128;Yes;523
2022-03-25;35.204869;-89.924429;38128;No;381
2022-03-25;35.209793;-89.952198;38128;Yes;320
2022-03-25;35.210402;-89.952222;38128;Yes;320
2022-03-25;35.194502;-89.909591;38128;No;824
2022-03-25;35.209997;-89.952348;38128;No;320
2022-03-25;35.209793;-89.952198;38128;Yes;320
2022-03-25;35.205002;-89.92475;38128;No;381
2022-03-25;35.2043;-89.92507;38128;Yes;381
2022-03-25;35.203536;-89.925262;38128;Yes;381
2022-03-25;35.210061;-89.952684;38128;Yes;320
2022-03-25;35.210061;-89.952684;38128;Yes;320
2022-03-25;35.209793;-89.952198;38128;No;320
2022-03-28;35.194411;-89.907069;38128;No;2
2022-03-28;35.24352;-89.922745;38128;Yes;1
2022-03-28;35.245277;-89.957714;38128;No;4
2022-03-29;35.204195;-89.924803;38128;Yes;381
2022-03-29;35.247453;-89.913505;38128;No;1
2022-03-30;35.204942;-89.925608;38128;No;381
2022-03-30;35.204841;-89.92507;38128;Yes;381
2022-03-30;35.203588;-89.924747;38128;No;381
2022-03-30;35.224546;-89.92469;38128;No;2
2022-03-30;35.204869;-89.924429;38128;Yes;381
2022-03-30;35.203707;-89.92563;38128;No;381
2022-03-31;35.245352;-89.90757;38128;Yes;18
2022-03-31;35.199066;-89.93918;38128;No;470
2022-03-31;35.198483;-89.940203;38128;No;470
2022-04-01;35.200669;-89.896738;38128;No;202
2022-04-01;35.200065;-89.897714;38128;Yes;202
2022-04-01;35.200501;-89.897444;38128;Yes;202
2022-04-01;35.202039;-89.896346;38128;No;202
2022-04-01;35.200669;-89.896738;38128;No;202
2022-04-05;35.248153;-89.953473;38128;No;2
2022-04-05;35.215037;-89.961619;38128;Yes;1
2022-04-05;35.243675;-89.939693;38128;Yes;11
2022-04-05;35.244634;-89.904108;38128;Yes;3
2022-04-06;35.199252;-89.901965;38128;No;794
2022-04-06;35.198372;-89.901123;38128;No;794
2022-04-06;35.212696;-89.921963;38128;Yes;140
2022-04-06;35.211908;-89.921856;38128;Yes;140
2022-04-06;35.242155;-89.939196;38128;No;1
2022-04-06;35.198151;-89.900821;38128;No;794
2022-04-06;35.203919;-89.929237;38128;No;443
2022-04-06;35.203555;-89.929212;38128;No;443
2022-04-06;35.204662;-89.92543;38128;Yes;381
2022-04-06;35.203754;-89.930657;38128;Yes;443
2022-04-06;35.212696;-89.921963;38128;Yes;140
2022-04-08;35.240483;-89.943974;38128;No;4
2022-04-08;35.248902;-89.936856;38128;No;5
2022-04-08;35.194913;-89.901653;38128;No;567
2022-04-08;35.179588;-89.933967;38128;Yes;4
2022-04-08;35.193518;-89.900508;38128;Yes;567
2022-04-08;35.194115;-89.900783;38128;Yes;567
2022-04-08;35.243582;-89.942204;38128;Yes;2
2022-04-08;35.257491;-89.928096;38128;Yes;523
2022-04-08;35.241814;-89.940173;38128;Yes;4
2022-04-08;35.193628;-89.901453;38128;Yes;567
2022-04-08;35.201783;-89.91359;38128;Yes;607
2022-04-08;35.2279;-89.944117;38128;No;1
2022-04-11;35.220533;-89.91805;38128;Yes;1
2022-04-11;35.183037;-89.923698;38128;No;2
2022-04-11;35.206855;-89.958401;38128;Yes;1
2022-04-11;35.199317;-89.938834;38128;No;470
2022-04-12;35.203074;-89.925228;38128;Yes;381
2022-04-13;35.243467;-89.948218;38128;No;2
2022-04-13;35.24149;-89.907827;38128;No;4
2022-04-13;35.198435;-89.901454;38128;Yes;794
2022-04-13;35.198682;-89.901217;38128;No;794
2022-04-13;35.241826;-89.93821;38128;Yes;1
2022-04-13;35.196944;-89.901117;38128;No;794
2022-04-14;35.202065;-89.934491;38128;Yes;998
2022-04-14;35.202065;-89.934491;38128;Yes;998
2022-04-14;35.20099;-89.935722;38128;Yes;998
2022-04-14;35.201043;-89.935453;38128;No;998
2022-04-14;35.197634;-89.898526;38128;No;1
2022-04-14;35.202189;-89.935568;38128;Yes;998
2022-04-14;35.200978;-89.93702;38128;No;998
2022-04-14;35.202616;-89.934723;38128;No;998
2022-04-14;35.202616;-89.934723;38128;No;998
2022-04-14;35.200105;-89.937994;38128;Yes;998
2022-04-14;35.200475;-89.937573;38128;No;998
2022-04-14;35.200211;-89.938232;38128;No;998
2022-04-14;35.201739;-89.935979;38128;No;998
2022-04-14;35.200978;-89.93702;38128;No;998
2022-04-14;35.200235;-89.936743;38128;Yes;998
2022-04-14;35.201518;-89.935953;38128;Yes;998
2022-04-14;35.200978;-89.93702;38128;Yes;998
2022-04-14;35.202065;-89.934491;38128;No;998
2022-04-14;35.202288;-89.935327;38128;Yes;998
2022-04-14;35.200235;-89.936743;38128;No;998
2022-04-14;35.202288;-89.935327;38128;No;998
2022-04-14;35.20099;-89.935722;38128;No;998
2022-04-14;35.200475;-89.937573;38128;No;998
2022-04-18;35.20519;-89.905436;38128;Yes;4
2022-04-18;35.182936;-89.919975;38128;Yes;1
2022-04-18;35.252447;-89.936475;38128;No;379
2022-04-18;35.200739;-89.901193;38128;No;499
2022-04-18;35.226843;-89.943719;38128;Yes;3
2022-04-18;35.252668;-89.935637;38128;No;379
2022-04-18;35.200942;-89.913934;38128;No;607
2022-04-18;35.260487;-89.926;38128;Yes;523
2022-04-20;35.199796;-89.937666;38128;Yes;998
2022-04-20;35.198358;-89.939018;38128;Yes;470
2022-04-20;35.198047;-89.939401;38128;Yes;470
2022-04-20;35.198483;-89.940203;38128;No;470
2022-04-20;35.198483;-89.940203;38128;No;470
2022-04-21;35.196207;-89.909101;38128;No;824
2022-04-21;35.229502;-89.944803;38128;No;1
2022-04-21;35.243081;-89.940223;38128;Yes;4
2022-04-21;35.196102;-89.910796;38128;No;824
2022-04-21;35.19492;-89.909714;38128;Yes;824
2022-04-21;35.196673;-89.910368;38128;No;824
2022-04-21;35.194504;-89.909102;38128;Yes;824
2022-04-21;35.195013;-89.909458;38128;Yes;824
2022-04-21;35.196451;-89.909498;38128;Yes;824
2022-04-21;35.195355;-89.909094;38128;Yes;824
2022-04-21;35.195128;-89.910588;38128;No;824
2022-04-21;35.210907;-89.937409;38128;Yes;1
2022-04-21;35.194312;-89.910351;38128;No;824
2022-04-22;35.258423;-89.928565;38128;Yes;523
2022-04-25;35.233614;-89.924282;38128;No;74
2022-04-25;35.236092;-89.922816;38128;Yes;212
2022-04-25;35.234774;-89.924872;38128;Yes;126
2022-04-25;35.210061;-89.952684;38128;No;320
2022-04-25;35.188327;-89.924396;38128;Yes;1
2022-04-25;35.236379;-89.924329;38128;No;212
2022-04-25;35.236132;-89.924874;38128;No;212
2022-04-25;35.236092;-89.922816;38128;No;212
2022-04-25;35.234888;-89.923364;38128;No;225
2022-04-25;35.222118;-89.917899;38128;Yes;1
2022-04-25;35.201366;-89.934937;38128;No;998
2022-04-25;35.222662;-89.924417;38128;Yes;1
2022-04-26;35.199796;-89.937666;38128;No;998
2022-04-26;35.246363;-89.916701;38128;Yes;2
2022-04-26;35.20773;-89.918076;38128;Yes;30
2022-04-26;35.19947;-89.939607;38128;No;470
2022-04-27;35.201568;-89.914231;38128;No;607
2022-04-27;35.209528;-89.908473;38128;Yes;2
2022-04-27;35.246833;-89.955063;38128;Yes;1
2022-04-27;35.251679;-89.899524;38128;No;1
2022-04-27;35.250877;-89.934763;38128;No;379
2022-04-27;35.250753;-89.940355;38128;No;422
2022-04-27;35.250877;-89.934763;38128;No;379
2022-04-27;35.249348;-89.940987;38128;No;422
2022-04-27;35.245308;-89.947966;38128;No;2
2022-04-27;35.248534;-89.940195;38128;Yes;422
2022-04-28;35.218778;-89.930423;38128;No;3
2022-04-28;35.25532;-89.939126;38128;Yes;3
2022-05-02;35.212696;-89.921963;38128;Yes;140
2022-05-03;35.230863;-89.923595;38128;Yes;14
2022-05-03;35.209177;-89.912396;38128;No;4
2022-05-03;35.198919;-89.940409;38128;Yes;470
2022-05-03;35.249014;-89.954262;38128;No;1
2022-05-03;35.19845;-89.939715;38128;No;470
2022-05-03;35.207088;-89.911327;38128;No;5
2022-05-04;35.244727;-89.926618;38128;No;3
2022-05-04;35.194263;-89.902694;38128;No;567
2022-05-04;35.200501;-89.897444;38128;Yes;202
2022-05-04;35.194907;-89.900365;38128;Yes;567
2022-05-04;35.194801;-89.90123;38128;Yes;567
2022-05-04;35.195412;-89.901297;38128;Yes;567
2022-05-04;35.200065;-89.897714;38128;Yes;202
2022-05-04;35.201346;-89.900461;38128;Yes;499
2022-05-04;35.200873;-89.900601;38128;Yes;499
2022-05-04;35.194801;-89.90123;38128;No;567
2022-05-04;35.194128;-89.901041;38128;Yes;567
2022-05-04;35.193628;-89.901453;38128;No;567
2022-05-04;35.194913;-89.901653;38128;Yes;567
2022-05-05;35.246641;-89.947134;38128;Yes;4
2022-05-05;35.19492;-89.909714;38128;Yes;824
2022-05-05;35.203536;-89.925262;38128;Yes;381
2022-05-06;35.237088;-89.936786;38128;No;1
2022-05-06;35.248658;-89.939968;38128;No;422
2022-05-06;35.202773;-89.916875;38128;Yes;22
2022-05-06;35.201568;-89.934822;38128;Yes;998
2022-05-06;35.202189;-89.935568;38128;Yes;998
2022-05-06;35.250258;-89.940374;38128;No;422
2022-05-09;35.20936;-89.922518;38128;Yes;32
2022-05-09;35.245277;-89.957714;38128;No;4
2022-05-10;35.237118;-89.938415;38128;Yes;4
2022-05-10;35.217547;-89.924398;38128;Yes;1
2022-05-10;35.249411;-89.940904;38128;Yes;422
2022-05-10;35.205429;-89.961922;38128;Yes;1
2022-05-11;35.249815;-89.952006;38128;Yes;2
2022-05-11;35.258189;-89.925085;38128;No;523
2022-05-11;35.197169;-89.89758;38128;Yes;2
2022-05-11;35.256375;-89.940406;38128;Yes;1
2022-05-11;35.222411;-89.89575;38128;No;248
2022-05-12;35.200492;-89.901845;38128;Yes;499
2022-05-12;35.201536;-89.901622;38128;Yes;499
2022-05-12;35.209793;-89.952198;38128;No;320
2022-05-12;35.200501;-89.897444;38128;Yes;202
2022-05-13;35.252299;-89.936324;38128;No;379
2022-05-13;35.250662;-89.935242;38128;No;379
2022-05-13;35.219221;-89.926891;38128;Yes;200
2022-05-16;35.249777;-89.941915;38128;Yes;422
2022-05-16;35.236733;-89.938481;38128;No;2
2022-05-16;35.24837;-89.940559;38128;Yes;422
2022-05-16;35.249348;-89.940987;38128;Yes;422
2022-05-16;35.233614;-89.924282;38128;Yes;74
2022-05-17;35.200991;-89.901601;38128;Yes;499
2022-05-17;35.200991;-89.901601;38128;No;499
2022-05-17;35.247004;-89.937087;38128;No;3
2022-05-18;35.219648;-89.931964;38128;No;4
2022-05-18;35.219697;-89.925906;38128;No;200
2022-05-18;35.248539;-89.953662;38128;Yes;1
2022-05-18;35.238504;-89.907441;38128;Yes;17
2022-05-18;35.210026;-89.92448;38128;No;113
2022-05-19;35.250763;-89.936277;38128;No;379
2022-05-19;35.20379;-89.914801;38128;Yes;280
2022-05-19;35.203532;-89.917233;38128;No;123
2022-05-19;35.204001;-89.914649;38128;No;280
2022-05-19;35.203601;-89.914195;38128;Yes;280
2022-05-19;35.203601;-89.914195;38128;No;280
2022-05-19;35.210594;-89.896921;38128;Yes;206
2022-05-19;35.203712;-89.947439;38128;No;2
2022-05-19;35.203601;-89.914195;38128;Yes;280
2022-05-19;35.20379;-89.914801;38128;Yes;280
2022-05-19;35.203922;-89.914064;38128;No;280
2022-05-20;35.22111;-89.896805;38128;No;88
2022-05-20;35.248692;-89.941707;38128;Yes;422
2022-05-20;35.198812;-89.903987;38128;No;534
2022-05-20;35.249934;-89.94033;38128;Yes;422
2022-05-20;35.249648;-89.939955;38128;Yes;422
2022-05-20;35.249976;-89.941012;38128;Yes;422
2022-05-20;35.198643;-89.904167;38128;Yes;534
2022-05-20;35.199097;-89.90452;38128;Yes;534
2022-05-20;35.249348;-89.940987;38128;No;422
2022-05-20;35.199479;-89.905136;38128;No;534
2022-05-20;35.222001;-89.894874;38128;Yes;248
2022-05-20;35.199479;-89.905136;38128;Yes;534
2022-05-20;35.198885;-89.90466;38128;Yes;534
2022-05-20;35.201195;-89.915456;38128;No;57
2022-05-20;35.249032;-89.955274;38128;Yes;7
2022-05-20;35.199645;-89.904559;38128;Yes;534
2022-05-24;35.235524;-89.923771;38128;Yes;225
2022-05-24;35.233614;-89.924282;38128;No;74
2022-05-24;35.233614;-89.924282;38128;Yes;74
2022-05-24;35.236011;-89.923523;38128;Yes;212
2022-05-24;35.236019;-89.924188;38128;Yes;212
2022-05-25;35.202183;-89.914577;38128;No;607
2022-05-25;35.259663;-89.926384;38128;Yes;523
2022-05-25;35.202183;-89.914577;38128;Yes;607
2022-05-25;35.249992;-89.951371;38128;Yes;2
2022-05-25;35.202784;-89.914463;38128;Yes;607
2022-05-25;35.201996;-89.913964;38128;No;607
2022-05-25;35.181542;-89.933467;38128;Yes;291
2022-05-25;35.20676;-89.90992;38128;No;5
2022-05-25;35.212899;-89.900979;38128;No;2
2022-05-26;35.200492;-89.901845;38128;No;499
2022-05-26;35.198006;-89.906687;38128;No;5
2022-05-26;35.249646;-89.955342;38128;No;5
2022-05-27;35.219324;-89.921057;38128;No;4
2022-05-27;35.220767;-89.919646;38128;Yes;3
2022-05-31;35.224201;-89.921745;38128;No;4
2022-05-31;35.243035;-89.940526;38128;Yes;5
2022-05-31;35.206303;-89.949568;38128;Yes;4
2022-06-01;35.233622;-89.930873;38128;No;4
2022-06-01;35.201104;-89.939822;38128;Yes;5
2022-06-01;35.200669;-89.896738;38128;No;202
2022-06-01;35.217462;-89.916651;38128;Yes;4
2022-06-01;35.224473;-89.929032;38128;Yes;2
2022-06-01;35.201932;-89.900461;38128;No;499
2022-06-01;35.223544;-89.924284;38128;Yes;2
2022-06-01;35.200492;-89.901845;38128;Yes;499
2022-06-01;35.24664;-89.93787;38128;Yes;7
2022-06-01;35.223944;-89.939473;38128;Yes;1
2022-06-01;35.201346;-89.900461;38128;Yes;499
2022-06-01;35.235374;-89.924389;38128;Yes;126
2022-06-01;35.220933;-89.917537;38128;Yes;5
2022-06-01;35.201346;-89.900461;38128;Yes;499
2022-06-01;35.200492;-89.901845;38128;Yes;499
2022-06-01;35.200966;-89.897354;38128;Yes;202
2022-06-02;35.223784;-89.901771;38128;Yes;2
2022-06-06;35.240431;-89.937691;38128;No;2
2022-06-06;35.20193;-89.901329;38128;No;499
2022-06-06;35.252641;-89.93849;38128;Yes;43
2022-06-07;35.25468;-89.937125;38128;No;97
2022-06-07;35.232727;-89.907092;38128;No;1
2022-06-08;35.209177;-89.912396;38128;No;4
2022-06-08;35.224522;-89.908292;38128;No;1
2022-06-08;35.242898;-89.906202;38128;Yes;3
2022-06-08;35.244629;-89.925147;38128;Yes;25
2022-06-09;35.194956;-89.902237;38128;No;567
2022-06-09;35.194405;-89.900906;38128;No;567
2022-06-09;35.195274;-89.902114;38128;Yes;567
2022-06-09;35.193618;-89.901262;38128;Yes;567
2022-06-09;35.194907;-89.900365;38128;No;567
2022-06-09;35.194115;-89.900783;38128;Yes;567
2022-06-10;35.19624;-89.950703;38128;No;1
2022-06-10;35.244223;-89.953145;38128;No;3
2022-06-10;35.222452;-89.927248;38128;No;3
2022-06-10;35.253939;-89.900959;38128;No;6
2022-06-10;35.184572;-89.925038;38128;No;6
2022-06-13;35.251106;-89.953574;38128;No;2
2022-06-14;35.201733;-89.895934;38128;Yes;202
2022-06-14;35.193427;-89.900758;38128;Yes;567
2022-06-14;35.242386;-89.950059;38128;No;3
2022-06-14;35.19867;-89.938654;38128;No;470
2022-06-14;35.194618;-89.902242;38128;No;567
2022-06-14;35.250258;-89.940374;38128;Yes;422
2022-06-15;35.19492;-89.909714;38128;Yes;824
2022-06-15;35.211742;-89.898217;38128;No;206
2022-06-15;35.193799;-89.90947;38128;Yes;824
2022-06-15;35.196709;-89.909917;38128;Yes;824
2022-06-15;35.203922;-89.914064;38128;No;280
2022-06-15;35.196062;-89.910398;38128;Yes;824
2022-06-15;35.235524;-89.923771;38128;Yes;225
2022-06-15;35.203922;-89.914064;38128;No;280
2022-06-15;35.226407;-89.920764;38128;No;2
2022-06-15;35.197295;-89.93981;38128;No;470
2022-06-15;35.238948;-89.903077;38128;No;4
2022-06-15;35.20379;-89.914801;38128;No;280
2022-06-15;35.194312;-89.910351;38128;Yes;824
2022-06-15;35.197159;-89.910007;38128;Yes;824
2022-06-15;35.204007;-89.914807;38128;No;280
2022-06-15;35.19399;-89.909725;38128;Yes;824
2022-06-15;35.193655;-89.90911;38128;Yes;824
2022-06-15;35.198483;-89.940203;38128;No;470
2022-06-15;35.211489;-89.89787;38128;No;206
2022-06-15;35.196102;-89.910796;38128;Yes;824
2022-06-15;35.236132;-89.924874;38128;Yes;212
2022-06-15;35.194671;-89.911287;38128;Yes;824
2022-06-15;35.194623;-89.910236;38128;Yes;824
2022-06-15;35.211704;-89.896985;38128;Yes;206
2022-06-15;35.194502;-89.909591;38128;Yes;824
2022-06-15;35.195355;-89.909094;38128;Yes;824
2022-06-15;35.24553;-89.904142;38128;Yes;2
2022-06-15;35.210906;-89.897226;38128;No;206
2022-06-16;35.252447;-89.936475;38128;No;379
2022-06-16;35.252299;-89.936324;38128;No;379
2022-06-16;35.251159;-89.935826;38128;Yes;379
2022-06-16;35.252326;-89.935919;38128;No;379
2022-06-16;35.252621;-89.936223;38128;No;379
2022-06-16;35.25208;-89.935032;38128;No;379
2022-06-16;35.203532;-89.917233;38128;Yes;123
2022-06-16;35.249599;-89.9348;38128;No;379
2022-06-16;35.252965;-89.935955;38128;No;379
2022-06-17;35.244727;-89.926618;38128;No;3
2022-06-17;35.236092;-89.922816;38128;Yes;212
2022-06-17;35.234549;-89.923407;38128;Yes;225
2022-06-17;35.220301;-89.911618;38128;Yes;2
2022-06-17;35.246603;-89.932952;38128;No;4
2022-06-17;35.236132;-89.924874;38128;Yes;212
2022-06-17;35.253187;-89.937538;38128;Yes;97
2022-06-17;35.226717;-89.933126;38128;Yes;2
2022-06-17;35.240774;-89.935831;38128;No;3
2022-06-21;35.204172;-89.93092;38128;Yes;443
2022-06-21;35.203754;-89.930657;38128;Yes;443
2022-06-21;35.203357;-89.930664;38128;Yes;443
2022-06-21;35.212419;-89.922182;38128;Yes;140
2022-06-21;35.203754;-89.930657;38128;No;443
2022-06-21;35.203754;-89.930657;38128;No;443
2022-06-21;35.203754;-89.930657;38128;No;443
2022-06-21;35.213004;-89.922116;38128;Yes;140
2022-06-21;35.211908;-89.921856;38128;Yes;140
2022-06-21;35.203919;-89.929237;38128;No;443
2022-06-21;35.212121;-89.92292;38128;Yes;140
2022-06-21;35.203555;-89.929212;38128;Yes;443
2022-06-21;35.204172;-89.93092;38128;Yes;443
2022-06-21;35.204172;-89.93092;38128;Yes;443
2022-06-21;35.203186;-89.928939;38128;Yes;443
2022-06-21;35.202949;-89.93077;38128;Yes;443
2022-06-21;35.203186;-89.928939;38128;Yes;443
2022-06-21;35.241262;-89.937381;38128;Yes;1
2022-06-22;35.21041;-89.92358;38128;No;113
2022-06-22;35.207351;-89.937702;38128;Yes;3
2022-06-22;35.195995;-89.907536;38128;Yes;3
2022-06-22;35.211119;-89.923623;38128;Yes;77
2022-06-22;35.246264;-89.909589;38128;No;3
2022-06-22;35.252449;-89.955569;38128;Yes;2
2022-06-23;35.226926;-89.931477;38128;No;2
2022-06-23;35.231335;-89.942037;38128;No;4
2022-06-23;35.245607;-89.912754;38128;No;9
2022-06-24;35.238633;-89.902694;38128;No;6
2022-06-27;35.182034;-89.933197;38128;Yes;108
2022-06-28;35.227827;-89.932457;38128;Yes;1
2022-06-28;35.227312;-89.941981;38128;Yes;2
2022-06-28;35.195608;-89.906049;38128;Yes;4
2022-06-28;35.22616;-89.921284;38128;Yes;3
2022-06-28;35.208042;-89.903043;38128;Yes;3
2022-06-28;35.219242;-89.931811;38128;Yes;3
2022-06-29;35.257076;-89.925193;38128;No;523
2022-06-29;35.202039;-89.896346;38128;Yes;202
2022-06-29;35.257197;-89.928083;38128;Yes;523
2022-06-29;35.260121;-89.927234;38128;No;523
2022-06-29;35.25539;-89.927621;38128;No;46
2022-06-29;35.246993;-89.913339;38128;No;4
2022-06-29;35.259161;-89.925949;38128;No;523
2022-06-29;35.240833;-89.937857;38128;No;1
2022-06-29;35.255971;-89.925103;38128;No;523
2022-06-30;35.222051;-89.946746;38128;No;98
2022-06-30;35.251076;-89.949996;38128;No;5
2022-06-30;35.201473;-89.920659;38128;No;32
2022-06-30;35.222549;-89.946403;38128;Yes;98
2022-06-30;35.220417;-89.946407;38128;Yes;98
2022-06-30;35.198746;-89.898996;38128;No;2
2022-06-30;35.222051;-89.946746;38128;Yes;98
2022-06-30;35.221372;-89.946983;38128;Yes;98
2022-06-30;35.20131;-89.92018;38128;Yes;32
2022-06-30;35.204092;-89.917215;38128;No;123
2022-06-30;35.235823;-89.922289;38128;Yes;1
2022-06-30;35.220727;-89.924026;38128;No;6
2022-06-30;35.220798;-89.946623;38128;Yes;98
2022-06-30;35.253311;-89.900677;38128;No;6
2022-06-30;35.237391;-89.933166;38128;Yes;1
2022-06-30;35.200988;-89.919234;38128;Yes;32
2022-06-30;35.221139;-89.94662;38128;No;98
2022-06-30;35.204;-89.916456;38128;Yes;97
2022-07-01;35.227285;-89.919022;38128;No;3
2022-07-01;35.217484;-89.916095;38128;No;4
2022-07-01;35.227347;-89.94043;38128;Yes;8
2022-07-01;35.210222;-89.952596;38128;Yes;320
2022-07-01;35.209793;-89.952198;38128;Yes;320
2022-07-01;35.230838;-89.932537;38128;No;2
2022-07-01;35.241926;-89.942725;38128;Yes;4
2022-07-01;35.22434;-89.903774;38128;No;1
2022-07-01;35.251978;-89.903189;38128;No;6
2022-07-01;35.241629;-89.953365;38128;No;3
2022-07-01;35.252703;-89.90181;38128;No;9
2022-07-01;35.238697;-89.938984;38128;No;2
2022-07-01;35.243675;-89.91014;38128;No;6
2022-07-01;35.224101;-89.946241;38128;No;4
2022-07-01;35.228504;-89.906314;38128;No;1
2022-07-01;35.255051;-89.900433;38128;No;2
2022-07-01;35.209139;-89.949989;38128;Yes;3
2022-07-01;35.237281;-89.939793;38128;Yes;4
2022-07-01;35.224292;-89.914837;38128;Yes;3
2022-07-01;35.252221;-89.954187;38128;Yes;6
2022-07-01;35.239554;-89.935637;38128;No;1
2022-07-05;35.222647;-89.932118;38128;Yes;1
2022-07-05;35.252641;-89.93849;38128;Yes;43
2022-07-05;35.247663;-89.95307;38128;Yes;2
2022-07-06;35.201346;-89.900461;38128;Yes;499
2022-07-06;35.201733;-89.895934;38128;No;202
2022-07-06;35.201536;-89.901622;38128;Yes;499
2022-07-06;35.200501;-89.897444;38128;No;202
2022-07-06;35.201932;-89.900461;38128;Yes;499
2022-07-06;35.200065;-89.897714;38128;Yes;202
2022-07-06;35.201932;-89.900461;38128;No;499
2022-07-06;35.200991;-89.901601;38128;Yes;499
2022-07-06;35.246714;-89.914413;38128;Yes;1
2022-07-06;35.200873;-89.900601;38128;Yes;499
2022-07-06;35.200809;-89.89931;38128;Yes;499
2022-07-06;35.201346;-89.900461;38128;No;499
2022-07-07;35.204869;-89.924429;38128;Yes;381
2022-07-07;35.203588;-89.924747;38128;No;381
2022-07-07;35.204841;-89.92507;38128;No;381
2022-07-07;35.2043;-89.92507;38128;Yes;381
2022-07-07;35.204869;-89.924429;38128;No;381
2022-07-07;35.203707;-89.92563;38128;No;381
2022-07-07;35.2043;-89.92507;38128;Yes;381
2022-07-08;35.21211;-89.925421;38128;Yes;126
2022-07-08;35.22926;-89.926817;38128;Yes;1
2022-07-08;35.254927;-89.939155;38128;Yes;3
2022-07-08;35.246937;-89.92187;38128;No;3
2022-07-11;35.253786;-89.932194;38128;Yes;3
2022-07-13;35.201647;-89.89664;38128;No;202
2022-07-13;35.251487;-89.953554;38128;Yes;3
2022-07-14;35.203788;-89.936857;38128;Yes;2
2022-07-14;35.19492;-89.909714;38128;Yes;824
2022-07-14;35.193655;-89.90911;38128;No;824
2022-07-14;35.217068;-89.917163;38128;Yes;4
2022-07-14;35.194919;-89.910065;38128;Yes;824
2022-07-14;35.196102;-89.910796;38128;No;824
2022-07-14;35.193799;-89.90947;38128;No;824
2022-07-14;35.196962;-89.909212;38128;Yes;824
2022-07-14;35.194312;-89.910351;38128;Yes;824
2022-07-14;35.195662;-89.950961;38128;Yes;4
2022-07-14;35.196451;-89.909498;38128;No;824
2022-07-14;35.196451;-89.909498;38128;No;824
2022-07-14;35.195128;-89.910588;38128;Yes;824
2022-07-14;35.194312;-89.909595;38128;Yes;824
2022-07-15;35.240402;-89.938984;38128;Yes;3
2022-07-15;35.224238;-89.925465;38128;No;3
2022-07-15;35.241434;-89.942908;38128;No;3
2022-07-15;35.232611;-89.932465;38128;Yes;2
2022-07-15;35.239951;-89.935893;38128;Yes;2
2022-07-18;35.250743;-89.936027;38128;Yes;379
2022-07-18;35.250279;-89.934791;38128;No;379
2022-07-18;35.250877;-89.934763;38128;No;379
2022-07-18;35.25442;-89.951492;38128;No;5
2022-07-18;35.252965;-89.935955;38128;Yes;379
2022-07-19;35.189789;-89.92503;38128;Yes;3
2022-07-19;35.248981;-89.934496;38128;Yes;4
2022-07-19;35.243697;-89.90599;38128;No;1
2022-07-19;35.250704;-89.95472;38128;Yes;5
2022-07-19;35.24044;-89.937916;38128;No;4
2022-07-20;35.207351;-89.937702;38128;No;3
2022-07-20;35.225905;-89.90257;38128;Yes;6
2022-07-20;35.23637;-89.923548;38128;No;212
2022-07-20;35.260225;-89.925132;38128;No;523
2022-07-20;35.236019;-89.924188;38128;Yes;212
2022-07-20;35.234888;-89.923364;38128;No;225
2022-07-20;35.206554;-89.9618;38128;No;3
2022-07-20;35.261114;-89.926806;38128;No;523
2022-07-20;35.236092;-89.922816;38128;Yes;212
2022-07-20;35.19976;-89.951331;38128;Yes;2
2022-07-20;35.235524;-89.923771;38128;No;225
2022-07-20;35.246303;-89.935698;38128;Yes;6
2022-07-20;35.259635;-89.927206;38128;No;523
2022-07-20;35.234787;-89.937257;38128;Yes;2
2022-07-20;35.227353;-89.939564;38128;Yes;2
2022-07-20;35.229099;-89.935926;38128;Yes;3
2022-07-20;35.233614;-89.924282;38128;Yes;74
2022-07-20;35.201996;-89.913964;38128;Yes;607
2022-07-20;35.225201;-89.919141;38128;Yes;4
2022-07-20;35.258109;-89.926049;38128;No;523
2022-07-21;35.198358;-89.939018;38128;No;470
2022-07-21;35.201346;-89.900461;38128;No;499
2022-07-21;35.200501;-89.897444;38128;Yes;202
2022-07-22;35.215218;-89.923348;38128;Yes;3
2022-07-25;35.232213;-89.927725;38128;Yes;2
2022-07-25;35.249934;-89.94033;38128;Yes;422
2022-07-25;35.19867;-89.938654;38128;No;470
2022-07-25;35.250753;-89.940355;38128;Yes;422
2022-07-26;35.199066;-89.93918;38128;Yes;470
2022-07-26;35.198307;-89.938561;38128;Yes;470
2022-07-26;35.181648;-89.933636;38128;Yes;291
2022-07-26;35.197295;-89.93981;38128;No;470
2022-07-26;35.215873;-89.964086;38128;No;1
2022-07-26;35.206327;-89.913828;38128;Yes;5
2022-07-26;35.233377;-89.93635;38128;Yes;3
2022-07-27;35.193655;-89.90911;38128;Yes;824
2022-07-27;35.255336;-89.90038;38128;Yes;1
2022-07-27;35.19399;-89.909725;38128;Yes;824
2022-07-27;35.248758;-89.936646;38128;Yes;5
2022-07-27;35.194832;-89.911126;38128;Yes;824
2022-07-27;35.193799;-89.90947;38128;Yes;824
2022-07-27;35.194504;-89.909102;38128;Yes;824
2022-07-27;35.249235;-89.93761;38128;Yes;6
2022-07-27;35.204;-89.916456;38128;Yes;97
2022-07-27;35.203544;-89.917002;38128;Yes;123
2022-07-27;35.201486;-89.896474;38128;No;202
2022-07-27;35.204092;-89.917215;38128;Yes;123
2022-07-27;35.195027;-89.910838;38128;No;824
2022-07-27;35.240784;-89.936583;38128;No;1
2022-07-27;35.244213;-89.95084;38128;Yes;7
2022-07-27;35.193799;-89.90947;38128;Yes;824
2022-07-27;35.196102;-89.910796;38128;Yes;824
2022-07-27;35.243432;-89.903099;38128;Yes;1
2022-07-27;35.204071;-89.916986;38128;Yes;123
2022-07-27;35.237109;-89.939408;38128;Yes;6
2022-07-27;35.232329;-89.891825;38128;Yes;1
2022-07-27;35.222045;-89.912265;38128;Yes;3
2022-07-27;35.195013;-89.909458;38128;Yes;824
2022-07-28;35.247713;-89.935791;38128;No;2
2022-07-28;35.228576;-89.90771;38128;No;5
2022-07-28;35.248598;-89.954881;38128;Yes;1
2022-07-28;35.203532;-89.917233;38128;Yes;123
2022-07-28;35.229989;-89.94476;38128;Yes;3
2022-07-29;35.197786;-89.955476;38128;Yes;1
2022-08-01;35.225285;-89.92088;38128;Yes;6
2022-08-01;35.256818;-89.938964;38128;No;4
2022-08-01;35.196962;-89.909212;38128;Yes;824
2022-08-01;35.221716;-89.898058;38128;Yes;248
2022-08-01;35.194182;-89.896417;38128;Yes;1
2022-08-01;35.202078;-89.913632;38128;Yes;607
2022-08-01;35.240483;-89.943974;38128;Yes;4
2022-08-01;35.195103;-89.907547;38128;Yes;1
2022-08-01;35.229557;-89.907385;38128;No;4
2022-08-01;35.222738;-89.914622;38128;Yes;5
2022-08-01;35.244704;-89.908723;38128;No;4
2022-08-01;35.240849;-89.938568;38128;No;2
2022-08-01;35.213896;-89.960663;38128;No;2
2022-08-01;35.194919;-89.910065;38128;Yes;824
2022-08-02;35.203205;-89.925723;38128;Yes;381
2022-08-02;35.203822;-89.924991;38128;Yes;381
2022-08-03;35.244192;-89.91298;38128;Yes;1
2022-08-03;35.201733;-89.895934;38128;Yes;202
2022-08-03;35.245906;-89.90275;38128;No;5
2022-08-03;35.20193;-89.901329;38128;Yes;499
2022-08-03;35.20056;-89.899925;38128;No;499
2022-08-03;35.20056;-89.899925;38128;No;499
2022-08-03;35.200873;-89.900601;38128;Yes;499
2022-08-03;35.200873;-89.900601;38128;No;499
2022-08-03;35.21061;-89.952489;38128;No;320
2022-08-03;35.209793;-89.952198;38128;No;320
2022-08-03;35.210061;-89.952684;38128;No;320
2022-08-03;35.210233;-89.951983;38128;No;320
2022-08-03;35.245964;-89.905005;38128;Yes;10
2022-08-04;35.199317;-89.938834;38128;No;470
2022-08-04;35.199204;-89.940186;38128;No;470
2022-08-04;35.199204;-89.940186;38128;No;470
2022-08-04;35.234759;-89.922886;38128;Yes;225
2022-08-04;35.235031;-89.923408;38128;Yes;225
2022-08-04;35.236011;-89.923523;38128;No;212
2022-08-04;35.234774;-89.924872;38128;No;126
2022-08-04;35.234774;-89.924872;38128;No;126
2022-08-04;35.234807;-89.924395;38128;No;126
2022-08-04;35.236132;-89.924874;38128;No;212
2022-08-05;35.225588;-89.931546;38128;No;5
2022-08-08;35.202065;-89.934491;38128;No;998
2022-08-08;35.20099;-89.935722;38128;Yes;998
2022-08-08;35.201739;-89.935979;38128;Yes;998
2022-08-08;35.201366;-89.934937;38128;No;998
2022-08-08;35.20262;-89.934994;38128;No;998
2022-08-08;35.202065;-89.934491;38128;Yes;998
2022-08-08;35.201568;-89.934822;38128;No;998
2022-08-08;35.200523;-89.93628;38128;No;998
2022-08-08;35.202616;-89.934723;38128;Yes;998
2022-08-08;35.200475;-89.937573;38128;No;998
2022-08-08;35.201043;-89.935453;38128;Yes;998
2022-08-08;35.200523;-89.93628;38128;Yes;998
2022-08-08;35.199796;-89.937666;38128;No;998
2022-08-08;35.201518;-89.935953;38128;No;998
2022-08-08;35.200666;-89.937444;38128;No;998
2022-08-08;35.201366;-89.934937;38128;Yes;998
2022-08-08;35.200235;-89.936743;38128;Yes;998
2022-08-08;35.202616;-89.934723;38128;No;998
2022-08-08;35.202065;-89.934491;38128;Yes;998
2022-08-08;35.202288;-89.935327;38128;Yes;998
2022-08-08;35.201739;-89.935979;38128;Yes;998
2022-08-08;35.20099;-89.935722;38128;No;998
2022-08-08;35.201366;-89.934937;38128;Yes;998
2022-08-08;35.200105;-89.937994;38128;Yes;998
2022-08-08;35.200235;-89.936743;38128;Yes;998
2022-08-08;35.200105;-89.937994;38128;No;998
2022-08-08;35.200235;-89.936743;38128;Yes;998
2022-08-08;35.202616;-89.934723;38128;Yes;998
2022-08-08;35.200475;-89.937573;38128;No;998
2022-08-08;35.200105;-89.937994;38128;Yes;998
2022-08-09;35.198807;-89.939938;38128;No;470
2022-08-09;35.198483;-89.940203;38128;Yes;470
2022-08-09;35.199317;-89.938834;38128;No;470
2022-08-09;35.251265;-89.936407;38128;Yes;379
2022-08-09;35.241036;-89.906917;38128;No;4
2022-08-09;35.198919;-89.940409;38128;No;470
2022-08-09;35.19878;-89.938985;38128;Yes;470
2022-08-10;35.198047;-89.939401;38128;Yes;470
2022-08-10;35.198671;-89.938179;38128;No;470
2022-08-10;35.219231;-89.925706;38128;No;200
2022-08-10;35.242186;-89.951067;38128;No;1
2022-08-10;35.185375;-89.920727;38128;Yes;2
2022-08-10;35.219221;-89.926891;38128;Yes;200
2022-08-10;35.219438;-89.927005;38128;Yes;200
2022-08-10;35.219231;-89.925706;38128;Yes;200
2022-08-10;35.218513;-89.923016;38128;No;4
2022-08-10;35.185375;-89.920727;38128;Yes;2
2022-08-10;35.219221;-89.926891;38128;Yes;200
2022-08-10;35.19947;-89.939607;38128;Yes;470
2022-08-10;35.219231;-89.925706;38128;Yes;200
2022-08-10;35.219231;-89.925706;38128;No;200
2022-08-10;35.219238;-89.92619;38128;Yes;200
2022-08-10;35.219238;-89.92619;38128;Yes;200
2022-08-10;35.237495;-89.938974;38128;Yes;1
2022-08-10;35.222369;-89.919621;38128;No;3
2022-08-10;35.251361;-89.955257;38128;Yes;3
2022-08-10;35.219688;-89.926891;38128;Yes;200
2022-08-10;35.19947;-89.939607;38128;No;470
2022-08-11;35.248534;-89.940195;38128;No;422
2022-08-11;35.212124;-89.924854;38128;Yes;126
2022-08-11;35.248534;-89.940195;38128;Yes;422
2022-08-11;35.249976;-89.941012;38128;No;422
2022-08-11;35.249411;-89.940904;38128;Yes;422
2022-08-12;35.194085;-89.902551;38128;Yes;567
2022-08-12;35.194956;-89.902237;38128;Yes;567
2022-08-12;35.242081;-89.941535;38128;Yes;2
2022-08-12;35.254627;-89.936733;38128;No;97
2022-08-12;35.194115;-89.900783;38128;Yes;567
2022-08-12;35.251534;-89.903699;38128;No;1
2022-08-15;35.24149;-89.907827;38128;Yes;4
2022-08-15;35.233614;-89.924282;38128;Yes;74
2022-08-15;35.21211;-89.925421;38128;Yes;126
2022-08-15;35.200115;-89.904641;38128;Yes;534
2022-08-15;35.198963;-89.905193;38128;Yes;534
2022-08-15;35.199097;-89.90452;38128;Yes;534
2022-08-15;35.199372;-89.904577;38128;Yes;534
2022-08-15;35.200087;-89.904283;38128;Yes;534
2022-08-15;35.198812;-89.903987;38128;Yes;534
2022-08-15;35.198511;-89.905073;38128;Yes;534
2022-08-15;35.198484;-89.904445;38128;No;534
2022-08-15;35.199252;-89.90514;38128;Yes;534
2022-08-15;35.199902;-89.903721;38128;Yes;534
2022-08-15;35.201536;-89.901622;38128;No;499
2022-08-15;35.198484;-89.904445;38128;Yes;534
2022-08-15;35.198812;-89.903987;38128;Yes;534
2022-08-15;35.198484;-89.904445;38128;Yes;534
2022-08-15;35.200087;-89.904283;38128;No;534
2022-08-15;35.229775;-89.930132;38128;No;3
2022-08-15;35.20936;-89.922518;38128;Yes;32
2022-08-15;35.198441;-89.904728;38128;No;534
2022-08-15;35.199;-89.903826;38128;Yes;534
2022-08-15;35.198511;-89.905073;38128;Yes;534
2022-08-16;35.181542;-89.933467;38128;Yes;291
2022-08-16;35.236011;-89.923523;38128;Yes;212
2022-08-16;35.201366;-89.934937;38128;No;998
2022-08-16;35.234888;-89.923364;38128;Yes;225
2022-08-16;35.249149;-89.952038;38128;No;1
2022-08-17;35.221704;-89.896915;38128;Yes;248
2022-08-17;35.194504;-89.901602;38128;Yes;567
2022-08-17;35.221723;-89.89581;38128;Yes;248
2022-08-17;35.240517;-89.941322;38128;Yes;2
2022-08-17;35.259057;-89.926195;38128;No;523
2022-08-17;35.198358;-89.939018;38128;Yes;470
2022-08-18;35.203588;-89.924747;38128;Yes;381
2022-08-19;35.209912;-89.924031;38128;Yes;113
2022-08-19;35.211507;-89.943946;38128;Yes;3
2022-08-19;35.252037;-89.936731;38128;Yes;379
2022-08-19;35.214152;-89.962901;38128;No;1
2022-08-19;35.227613;-89.928253;38128;Yes;1
2022-08-19;35.252965;-89.935955;38128;No;379
2022-08-19;35.210884;-89.923407;38128;Yes;77
2022-08-19;35.210026;-89.92448;38128;No;113
2022-08-19;35.210902;-89.924107;38128;Yes;77
2022-08-19;35.251054;-89.936852;38128;No;379
2022-08-19;35.211318;-89.923551;38128;No;77
2022-08-19;35.250763;-89.936277;38128;Yes;379
2022-08-19;35.251563;-89.935568;38128;Yes;379
2022-08-22;35.204092;-89.917215;38128;No;123
2022-08-22;35.203922;-89.914064;38128;Yes;280
2022-08-22;35.204001;-89.914649;38128;Yes;280
2022-08-22;35.211741;-89.897247;38128;Yes;206
2022-08-22;35.20379;-89.914801;38128;No;280
2022-08-22;35.211704;-89.896985;38128;Yes;206
2022-08-22;35.204;-89.916456;38128;No;97
2022-08-22;35.204;-89.916456;38128;No;97
2022-08-22;35.243884;-89.915618;38128;Yes;11
2022-08-23;35.202288;-89.935327;38128;No;998
2022-08-23;35.20099;-89.935722;38128;No;998
2022-08-23;35.24837;-89.940559;38128;Yes;422
2022-08-23;35.246553;-89.905438;38128;Yes;1
2022-08-23;35.201043;-89.935453;38128;Yes;998
2022-08-23;35.249411;-89.940904;38128;Yes;422
2022-08-23;35.249976;-89.941012;38128;No;422
2022-08-23;35.202189;-89.935568;38128;No;998
2022-08-23;35.218641;-89.913288;38128;Yes;8
2022-08-23;35.202062;-89.934762;38128;No;998
2022-08-23;35.199796;-89.937666;38128;No;998
2022-08-23;35.243127;-89.909713;38128;No;2
2022-08-23;35.200211;-89.938232;38128;Yes;998
2022-08-23;35.200329;-89.935631;38128;No;998
2022-08-23;35.249411;-89.940904;38128;Yes;422
2022-08-23;35.249348;-89.940987;38128;Yes;422
2022-08-24;35.25616;-89.925873;38128;Yes;523
2022-08-24;35.224638;-89.911551;38128;No;3
2022-08-24;35.255788;-89.941693;38128;No;3
2022-08-24;35.201346;-89.900461;38128;No;499
2022-08-24;35.200809;-89.89931;38128;Yes;499
2022-08-24;35.253389;-89.902083;38128;No;2
2022-08-25;35.194312;-89.910351;38128;Yes;824
2022-08-25;35.194832;-89.911126;38128;No;824
2022-08-25;35.196062;-89.910398;38128;Yes;824
2022-08-25;35.214435;-89.963435;38128;No;5
2022-08-25;35.193655;-89.90911;38128;Yes;824
2022-08-25;35.196709;-89.909917;38128;Yes;824
2022-08-25;35.227879;-89.93155;38128;Yes;2
2022-08-25;35.193799;-89.90947;38128;No;824
2022-08-25;35.195027;-89.910838;38128;Yes;824
2022-08-26;35.250877;-89.934763;38128;No;379
2022-08-26;35.244121;-89.907866;38128;Yes;2
2022-08-26;35.194312;-89.910351;38128;Yes;824
2022-08-26;35.216819;-89.916372;38128;Yes;1
2022-08-29;35.244829;-89.954246;38128;Yes;2
2022-08-29;35.218104;-89.959278;38128;Yes;3
2022-08-29;35.200184;-89.937006;38128;Yes;998
2022-08-29;35.227003;-89.939784;38128;Yes;7
2022-08-29;35.200978;-89.93702;38128;Yes;998
2022-08-29;35.2308;-89.921242;38128;No;3
2022-08-29;35.200105;-89.937994;38128;Yes;998
2022-08-29;35.181489;-89.933026;38128;No;291
2022-08-30;35.246853;-89.949854;38128;Yes;2
2022-08-30;35.194913;-89.901653;38128;Yes;567
2022-08-30;35.200809;-89.89931;38128;No;499
2022-08-31;35.250258;-89.940374;38128;Yes;422
2022-08-31;35.201996;-89.913964;38128;Yes;607
2022-08-31;35.200942;-89.913934;38128;Yes;607
2022-08-31;35.202808;-89.915082;38128;Yes;607
2022-08-31;35.202812;-89.914024;38128;No;607
2022-08-31;35.222269;-89.924948;38128;Yes;2
2022-08-31;35.222216;-89.902109;38128;Yes;1
2022-08-31;35.201945;-89.914254;38128;No;607
2022-08-31;35.247987;-89.950728;38128;No;4
2022-09-01;35.239088;-89.934338;38128;Yes;3
2022-09-01;35.200501;-89.897444;38128;Yes;202
2022-09-01;35.246933;-89.900444;38128;Yes;2
2022-09-01;35.200501;-89.897444;38128;No;202
2022-09-01;35.249899;-89.951593;38128;Yes;4
2022-09-01;35.228506;-89.942054;38128;Yes;1
2022-09-01;35.200991;-89.901601;38128;No;499
2022-09-01;35.200873;-89.900601;38128;No;499
2022-09-01;35.200873;-89.900601;38128;Yes;499
2022-09-01;35.244848;-89.947532;38128;No;3
2022-09-01;35.239967;-89.935568;38128;Yes;1
2022-09-01;35.23469;-89.934043;38128;Yes;2
2022-09-02;35.207483;-89.947949;38128;Yes;2
2022-09-02;35.229937;-89.921792;38128;No;1
2022-09-02;35.242068;-89.954713;38128;Yes;6
2022-09-02;35.201556;-89.916354;38128;Yes;44
2022-09-02;35.240438;-89.90869;38128;Yes;2
2022-09-02;35.253591;-89.932817;38128;No;2
2022-09-06;35.20879;-89.960836;38128;No;2
2022-09-07;35.248437;-89.910552;38128;No;4
2022-09-07;35.21938;-89.926272;38128;No;200
2022-09-07;35.210674;-89.895377;38128;Yes;5
2022-09-07;35.249773;-89.941372;38128;No;422
2022-09-07;35.198982;-89.938329;38128;No;470
2022-09-07;35.249777;-89.941915;38128;No;422
2022-09-07;35.249976;-89.941012;38128;No;422
2022-09-07;35.197295;-89.93981;38128;No;470
2022-09-07;35.198047;-89.939401;38128;No;470
2022-09-07;35.195412;-89.901297;38128;No;567
2022-09-07;35.248534;-89.940195;38128;No;422
2022-09-08;35.252257;-89.950152;38128;Yes;2
2022-09-09;35.201932;-89.900461;38128;No;499
2022-09-09;35.237495;-89.903185;38128;Yes;1
2022-09-09;35.21061;-89.952489;38128;Yes;320
2022-09-09;35.210233;-89.951983;38128;No;320
2022-09-09;35.223295;-89.921947;38128;Yes;2
2022-09-12;35.200978;-89.93702;38128;Yes;998
2022-09-12;35.248916;-89.938158;38128;Yes;3
2022-09-13;35.19867;-89.938654;38128;No;470
2022-09-13;35.186172;-89.930812;38128;Yes;2
2022-09-13;35.201556;-89.916355;38128;No;44
2022-09-13;35.21198;-89.925803;38128;Yes;126
2022-09-13;35.199204;-89.940186;38128;No;470
2022-09-13;35.251106;-89.953574;38128;No;2
2022-09-14;35.237436;-89.934602;38128;Yes;1
2022-09-15;35.198511;-89.905073;38128;No;534
2022-09-15;35.211489;-89.89787;38128;No;206
2022-09-15;35.20001;-89.904026;38128;No;534
2022-09-15;35.199097;-89.90452;38128;Yes;534
2022-09-15;35.199902;-89.903721;38128;Yes;534
2022-09-15;35.210594;-89.896921;38128;Yes;206
2022-09-15;35.20379;-89.914801;38128;No;280
2022-09-15;35.204007;-89.914807;38128;Yes;280
2022-09-15;35.203601;-89.914195;38128;Yes;280
2022-09-15;35.199645;-89.904559;38128;Yes;534
2022-09-15;35.199;-89.903826;38128;No;534
2022-09-15;35.198441;-89.904728;38128;No;534
2022-09-15;35.199097;-89.90452;38128;Yes;534
2022-09-15;35.200739;-89.901193;38128;Yes;499
2022-09-15;35.198963;-89.905193;38128;No;534
2022-09-15;35.198441;-89.904728;38128;No;534
2022-09-15;35.198484;-89.904445;38128;No;534
2022-09-15;35.211704;-89.896985;38128;Yes;206
2022-09-15;35.20379;-89.914801;38128;No;280
2022-09-15;35.242381;-89.95617;38128;Yes;3
2022-09-15;35.198511;-89.905073;38128;No;534
2022-09-15;35.204001;-89.914649;38128;No;280
2022-09-15;35.203922;-89.914064;38128;Yes;280
2022-09-16;35.204071;-89.916986;38128;No;123
2022-09-16;35.203544;-89.917002;38128;No;123
2022-09-16;35.255891;-89.939924;38128;Yes;3
2022-09-16;35.203544;-89.917002;38128;Yes;123
2022-09-16;35.25334;-89.902217;38128;No;2
2022-09-16;35.249777;-89.941915;38128;No;422
2022-09-16;35.252621;-89.936223;38128;No;379
2022-09-16;35.204092;-89.917215;38128;No;123
2022-09-16;35.252474;-89.936074;38128;Yes;379
2022-09-16;35.204;-89.916456;38128;No;97
2022-09-16;35.24822;-89.910934;38128;Yes;1
2022-09-16;35.250662;-89.935242;38128;Yes;379
2022-09-16;35.241339;-89.949338;38128;Yes;108
2022-09-16;35.242003;-89.904985;38128;No;4
2022-09-16;35.204;-89.916456;38128;Yes;97
2022-09-16;35.204;-89.916456;38128;No;97
2022-09-16;35.247787;-89.912854;38128;No;2
2022-09-16;35.251454;-89.936127;38128;Yes;379
2022-09-16;35.204;-89.916456;38128;Yes;97
2022-09-16;35.252447;-89.936475;38128;No;379
2022-09-16;35.236046;-89.936332;38128;No;2
2022-09-16;35.249599;-89.9348;38128;No;379
2022-09-16;35.204092;-89.917215;38128;Yes;123
2022-09-16;35.204;-89.916456;38128;No;97
2022-09-16;35.203532;-89.917233;38128;Yes;123
2022-09-16;35.218778;-89.930423;38128;No;3
2022-09-16;35.222078;-89.896216;38128;Yes;248
2022-09-16;35.204;-89.916456;38128;Yes;97
2022-09-19;35.194115;-89.900783;38128;Yes;567
2022-09-19;35.247696;-89.955695;38128;Yes;2
2022-09-19;35.194202;-89.900443;38128;No;567
2022-09-19;35.193427;-89.900758;38128;No;567
2022-09-19;35.237118;-89.938415;38128;Yes;4
2022-09-19;35.181675;-89.932854;38128;Yes;108
2022-09-20;35.195027;-89.910838;38128;Yes;824
2022-09-20;35.248534;-89.940195;38128;Yes;422
2022-09-20;35.195361;-89.911136;38128;No;824
2022-09-20;35.198006;-89.906687;38128;No;5
2022-09-20;35.19558;-89.911298;38128;No;824
2022-09-20;35.194623;-89.910236;38128;No;824
2022-09-20;35.196673;-89.910368;38128;Yes;824
2022-09-20;35.195013;-89.909458;38128;Yes;824
2022-09-20;35.194504;-89.909102;38128;No;824
2022-09-20;35.195128;-89.910588;38128;No;824
2022-09-20;35.194671;-89.911287;38128;Yes;824
2022-09-20;35.19399;-89.909725;38128;Yes;824
2022-09-20;35.19558;-89.911298;38128;No;824
2022-09-20;35.194504;-89.909102;38128;Yes;824
2022-09-20;35.249088;-89.942139;38128;Yes;422
2022-09-20;35.195136;-89.911738;38128;No;824
2022-09-20;35.196709;-89.909917;38128;No;824
2022-09-20;35.194312;-89.910351;38128;Yes;824
2022-09-20;35.196102;-89.910796;38128;Yes;824
2022-09-20;35.195355;-89.909094;38128;Yes;824
2022-09-21;35.217979;-89.9169;38128;Yes;4
2022-09-21;35.239511;-89.934463;38128;Yes;2
2022-09-21;35.225393;-89.929924;38128;Yes;6
2022-09-21;35.215539;-89.919637;38128;No;1
2022-09-21;35.256236;-89.924998;38128;Yes;523
2022-09-21;35.200929;-89.949348;38128;No;3
2022-09-22;35.201538;-89.913931;38128;No;607
2022-09-22;35.201996;-89.913964;38128;No;607
2022-09-22;35.205932;-89.945354;38128;No;3
2022-09-22;35.219649;-89.931435;38128;Yes;7
2022-09-23;35.200501;-89.897444;38128;Yes;202
2022-09-23;35.239002;-89.941266;38128;Yes;5
2022-09-23;35.210264;-89.917992;38128;Yes;4
2022-09-23;35.240985;-89.948875;38128;Yes;108
2022-09-23;35.182516;-89.932341;38128;Yes;110
2022-09-23;35.228005;-89.92822;38128;No;1
2022-09-23;35.243333;-89.947442;38128;Yes;108
2022-09-23;35.227329;-89.942412;38128;Yes;2
2022-09-23;35.201932;-89.900461;38128;No;499
2022-09-23;35.237664;-89.940453;38128;Yes;4
2022-09-26;35.255788;-89.941693;38128;Yes;3
2022-09-26;35.221704;-89.896915;38128;No;248
2022-09-26;35.221997;-89.895201;38128;No;248
2022-09-26;35.241284;-89.94429;38128;Yes;1
2022-09-26;35.22111;-89.896805;38128;Yes;88
2022-09-28;35.219697;-89.925906;38128;Yes;200
2022-09-28;35.219431;-89.926786;38128;Yes;200
2022-09-28;35.245352;-89.90757;38128;No;18
2022-09-28;35.243615;-89.916118;38128;Yes;2
2022-09-28;35.250877;-89.934763;38128;Yes;379
2022-09-29;35.203186;-89.928939;38128;Yes;443
2022-09-29;35.211908;-89.921856;38128;Yes;140
2022-09-29;35.19492;-89.909714;38128;Yes;824
2022-09-29;35.203919;-89.929237;38128;No;443
2022-09-29;35.203186;-89.928939;38128;Yes;443
2022-09-29;35.194913;-89.901653;38128;Yes;567
2022-09-29;35.211553;-89.9211;38128;No;1
2022-09-29;35.203555;-89.929212;38128;Yes;443
2022-09-29;35.195027;-89.910838;38128;Yes;824
2022-09-29;35.203357;-89.930664;38128;Yes;443
2022-09-29;35.230393;-89.921249;38128;No;2
2022-09-29;35.210327;-89.917263;38128;No;3
2022-09-29;35.202949;-89.93077;38128;No;443
2022-09-29;35.211908;-89.921856;38128;No;140
2022-09-29;35.194623;-89.910236;38128;No;824
2022-09-29;35.194312;-89.909595;38128;Yes;824
2022-09-29;35.204172;-89.93092;38128;Yes;443
2022-09-29;35.211908;-89.921856;38128;Yes;140
2022-09-29;35.195136;-89.911738;38128;No;824
2022-09-30;35.198047;-89.939401;38128;No;470
2022-09-30;35.252276;-89.931681;38128;Yes;2
2022-09-30;35.244001;-89.925226;38128;Yes;25
2022-09-30;35.248692;-89.941707;38128;Yes;422
2022-09-30;35.248967;-89.939987;38128;Yes;422
2022-09-30;35.198671;-89.938179;38128;No;470
2022-09-30;35.239149;-89.935664;38128;No;2
2022-09-30;35.249411;-89.940904;38128;No;422
2022-09-30;35.200942;-89.913934;38128;No;607
2022-09-30;35.202808;-89.915082;38128;Yes;607
2022-10-03;35.203588;-89.924747;38128;No;381
2022-10-03;35.204195;-89.924803;38128;Yes;381
2022-10-03;35.22072;-89.935986;38128;Yes;3
2022-10-03;35.203588;-89.924747;38128;Yes;381
2022-10-03;35.204869;-89.924429;38128;Yes;381
2022-10-03;35.203074;-89.925228;38128;Yes;381
2022-10-03;35.226361;-89.932571;38128;Yes;1
2022-10-04;35.214574;-89.897716;38128;No;8
2022-10-04;35.225157;-89.918446;38128;No;5
2022-10-04;35.245906;-89.90275;38128;Yes;5
2022-10-04;35.252986;-89.932396;38128;Yes;2
2022-10-04;35.23303;-89.927614;38128;Yes;3
2022-10-04;35.231039;-89.926397;38128;No;2
2022-10-04;35.236178;-89.943042;38128;No;2
2022-10-04;35.24645;-89.951412;38128;No;3
2022-10-04;35.254114;-89.932039;38128;No;2
2022-10-04;35.251978;-89.903189;38128;No;6
2022-10-04;35.24775;-89.903122;38128;No;7
2022-10-05;35.255777;-89.926034;38128;No;523
2022-10-05;35.256672;-89.927714;38128;No;523
2022-10-05;35.260011;-89.927255;38128;No;523
2022-10-05;35.256068;-89.927842;38128;No;523
2022-10-05;35.258723;-89.925641;38128;No;523
2022-10-05;35.260598;-89.926333;38128;No;523
2022-10-05;35.260107;-89.925239;38128;No;523
2022-10-05;35.25611;-89.926627;38128;No;523
2022-10-05;35.256387;-89.926395;38128;No;523
2022-10-05;35.256267;-89.928552;38128;No;523
2022-10-06;35.181919;-89.933294;38128;Yes;108
2022-10-06;35.242436;-89.94115;38128;Yes;4
2022-10-07;35.200873;-89.900601;38128;Yes;499
2022-10-07;35.20193;-89.901329;38128;No;499
2022-10-07;35.21061;-89.952489;38128;Yes;320
2022-10-07;35.201932;-89.900461;38128;Yes;499
2022-10-07;35.200873;-89.900601;38128;Yes;499
2022-10-07;35.201346;-89.900461;38128;Yes;499
2022-10-07;35.209793;-89.952198;38128;Yes;320
2022-10-07;35.200492;-89.901845;38128;Yes;499
2022-10-11;35.219438;-89.927005;38128;No;200
2022-10-11;35.202949;-89.93077;38128;Yes;443
2022-10-11;35.194801;-89.90123;38128;Yes;567
2022-10-11;35.203186;-89.928939;38128;Yes;443
2022-10-11;35.219231;-89.925706;38128;No;200
2022-10-11;35.209997;-89.952348;38128;No;320
2022-10-11;35.209997;-89.952348;38128;No;320
2022-10-11;35.219697;-89.925906;38128;Yes;200
2022-10-11;35.249648;-89.939955;38128;Yes;422
2022-10-11;35.203142;-89.929443;38128;Yes;443
2022-10-11;35.209793;-89.952198;38128;Yes;320
2022-10-11;35.194956;-89.902237;38128;No;567
2022-10-11;35.255086;-89.937139;38128;Yes;97
2022-10-11;35.209793;-89.952198;38128;Yes;320
2022-10-11;35.203066;-89.929914;38128;No;443
2022-10-12;35.197154;-89.949378;38128;No;2
2022-10-12;35.209801;-89.91246;38128;Yes;1
2022-10-12;35.24629;-89.937634;38128;Yes;1
2022-10-12;35.211121;-89.925151;38128;Yes;77
2022-10-13;35.20379;-89.914801;38128;No;280
2022-10-13;35.210594;-89.896921;38128;Yes;206
2022-10-13;35.20379;-89.914801;38128;No;280
2022-10-13;35.203601;-89.914195;38128;No;280
2022-10-13;35.203532;-89.917233;38128;Yes;123
2022-10-13;35.203544;-89.917002;38128;No;123
2022-10-13;35.203544;-89.917002;38128;No;123
2022-10-14;35.226693;-89.928562;38128;Yes;2
2022-10-17;35.250725;-89.936529;38128;No;379
2022-10-17;35.251563;-89.935568;38128;No;379
2022-10-17;35.235408;-89.936121;38128;Yes;1
2022-10-17;35.251244;-89.936686;38128;No;379
2022-10-17;35.251921;-89.937275;38128;No;379
2022-10-17;35.252621;-89.936223;38128;No;379
2022-10-18;35.18737;-89.925946;38128;No;3
2022-10-18;35.201783;-89.91359;38128;Yes;607
2022-10-18;35.202784;-89.914463;38128;No;607
2022-10-19;35.184574;-89.92528;38128;Yes;1
2022-10-19;35.25539;-89.902127;38128;Yes;5
2022-10-19;35.240645;-89.928397;38128;No;557
2022-10-19;35.239993;-89.927104;38128;Yes;557
2022-10-19;35.248465;-89.911612;38128;No;2
2022-10-19;35.199702;-89.900907;38128;Yes;794
2022-10-19;35.255084;-89.903232;38128;Yes;1
2022-10-19;35.240636;-89.927917;38128;Yes;557
2022-10-19;35.239117;-89.928327;38128;Yes;557
2022-10-19;35.227977;-89.933046;38128;No;2
2022-10-19;35.246649;-89.910471;38128;No;4
2022-10-19;35.253783;-89.900516;38128;No;4
2022-10-19;35.240582;-89.927472;38128;Yes;557
2022-10-19;35.197823;-89.901202;38128;Yes;794
2022-10-19;35.243072;-89.9066;38128;Yes;1
2022-10-19;35.23982;-89.92749;38128;Yes;557
2022-10-19;35.196944;-89.901117;38128;Yes;794
2022-10-19;35.239713;-89.9264;38128;No;557
2022-10-21;35.2397;-89.928439;38128;Yes;557
2022-10-21;35.195136;-89.911738;38128;Yes;824
2022-10-21;35.195361;-89.911136;38128;No;824
2022-10-21;35.194502;-89.909591;38128;Yes;824
2022-10-21;35.194832;-89.911126;38128;Yes;824
2022-10-21;35.196207;-89.909101;38128;Yes;824
2022-10-21;35.194671;-89.911287;38128;Yes;824
2022-10-21;35.194151;-89.910512;38128;No;824
2022-10-21;35.240709;-89.926866;38128;No;557
2022-10-21;35.239993;-89.927104;38128;Yes;557
2022-10-21;35.196062;-89.910398;38128;Yes;824
2022-10-21;35.240636;-89.927917;38128;Yes;557
2022-10-21;35.193655;-89.90911;38128;Yes;824
2022-10-21;35.239089;-89.927168;38128;Yes;557
2022-10-21;35.195355;-89.909094;38128;Yes;824
2022-10-21;35.239511;-89.928254;38128;Yes;557
2022-10-21;35.195499;-89.910561;38128;Yes;824
2022-10-21;35.194312;-89.910351;38128;Yes;824
2022-10-21;35.194151;-89.910512;38128;Yes;824
2022-10-21;35.210282;-89.923976;38128;Yes;113
2022-10-24;35.237818;-89.942147;38128;Yes;3
2022-10-24;35.222001;-89.894874;38128;Yes;248
2022-10-24;35.20805;-89.904647;38128;Yes;4
2022-10-24;35.213185;-89.932073;38128;No;1
2022-10-24;35.253712;-89.902382;38128;No;5
2022-10-24;35.228414;-89.917908;38128;No;2
2022-10-24;35.239419;-89.932209;38128;Yes;1
2022-10-24;35.195922;-89.908448;38128;Yes;1
2022-10-24;35.246993;-89.913339;38128;Yes;4
2022-10-24;35.222369;-89.919621;38128;Yes;3
2022-10-24;35.221111;-89.89517;38128;Yes;88
2022-10-24;35.248031;-89.912318;38128;No;3
2022-10-25;35.198064;-89.907629;38128;No;5
2022-10-25;35.249934;-89.94033;38128;Yes;422
2022-10-25;35.245457;-89.921244;38128;No;5
2022-10-25;35.249088;-89.942139;38128;Yes;422
2022-10-25;35.245805;-89.921802;38128;Yes;2
2022-10-26;35.201932;-89.900461;38128;Yes;499
2022-10-26;35.201733;-89.895934;38128;No;202
2022-10-26;35.199499;-89.901353;38128;Yes;794
2022-10-26;35.197102;-89.90165;38128;Yes;794
2022-10-26;35.197419;-89.900719;38128;Yes;794
2022-10-26;35.198931;-89.901598;38128;No;794
2022-10-26;35.198518;-89.901141;38128;Yes;794
2022-10-26;35.1974;-89.901181;38128;Yes;794
2022-10-26;35.196706;-89.900732;38128;Yes;794
2022-10-26;35.197443;-89.902264;38128;No;794
2022-10-26;35.181848;-89.932329;38128;No;108
2022-10-26;35.224371;-89.939086;38128;Yes;4
2022-10-26;35.19749;-89.902033;38128;Yes;794
2022-10-26;35.197419;-89.900719;38128;Yes;794
2022-10-26;35.211968;-89.895383;38128;Yes;1
2022-10-27;35.245554;-89.906388;38128;Yes;4
2022-10-27;35.245777;-89.94692;38128;Yes;2
2022-10-27;35.248495;-89.932933;38128;Yes;4
2022-10-27;35.244656;-89.907844;38128;No;4
2022-10-27;35.220727;-89.924026;38128;Yes;6
2022-10-28;35.227422;-89.930523;38128;No;2
2022-10-28;35.239523;-89.934701;38128;No;2
2022-10-28;35.228026;-89.917901;38128;Yes;1
2022-10-31;35.245755;-89.956216;38128;No;3
2022-11-01;35.203588;-89.924747;38128;Yes;381
2022-11-01;35.243755;-89.942891;38128;Yes;3
2022-11-01;35.203536;-89.925262;38128;Yes;381
2022-11-01;35.194115;-89.900783;38128;Yes;567
2022-11-01;35.203707;-89.92563;38128;No;381
2022-11-01;35.204869;-89.924429;38128;Yes;381
2022-11-01;35.194801;-89.90123;38128;Yes;567
2022-11-01;35.204869;-89.924429;38128;Yes;381
2022-11-01;35.2043;-89.92507;38128;Yes;381
2022-11-01;35.204662;-89.92543;38128;Yes;381
2022-11-01;35.204195;-89.924803;38128;No;381
2022-11-01;35.203377;-89.955767;38128;No;5
2022-11-01;35.204841;-89.92507;38128;Yes;381
2022-11-01;35.204195;-89.924803;38128;Yes;381
2022-11-01;35.203588;-89.924747;38128;Yes;381
2022-11-01;35.211908;-89.921856;38128;No;140
2022-11-02;35.20193;-89.901329;38128;Yes;499
2022-11-02;35.200065;-89.897714;38128;Yes;202
2022-11-02;35.202039;-89.896346;38128;Yes;202
2022-11-02;35.200739;-89.901193;38128;No;499
2022-11-02;35.200492;-89.901845;38128;Yes;499
2022-11-02;35.200966;-89.897354;38128;Yes;202
2022-11-03;35.236011;-89.923523;38128;Yes;212
2022-11-03;35.210026;-89.92448;38128;Yes;113
2022-11-03;35.235524;-89.923771;38128;No;225
2022-11-03;35.258018;-89.927253;38128;Yes;523
2022-11-03;35.198952;-89.950655;38128;No;3
2022-11-03;35.23637;-89.923548;38128;Yes;212
2022-11-03;35.233614;-89.924282;38128;Yes;74
2022-11-03;35.217365;-89.961249;38128;No;2
2022-11-03;35.261066;-89.927861;38128;Yes;523
2022-11-03;35.236379;-89.924329;38128;No;212
2022-11-03;35.236011;-89.923523;38128;Yes;212
2022-11-03;35.236092;-89.922816;38128;Yes;212
2022-11-03;35.236132;-89.924874;38128;Yes;212
2022-11-04;35.201536;-89.901622;38128;Yes;499
2022-11-04;35.226041;-89.927464;38128;No;1
2022-11-04;35.203754;-89.930657;38128;Yes;443
2022-11-04;35.249088;-89.942139;38128;No;422
2022-11-04;35.209997;-89.952348;38128;Yes;320
2022-11-04;35.249411;-89.940904;38128;Yes;422
2022-11-04;35.198483;-89.940203;38128;Yes;470
2022-11-04;35.21061;-89.952489;38128;Yes;320
2022-11-04;35.202949;-89.93077;38128;No;443
2022-11-04;35.202549;-89.917155;38128;No;22
2022-11-04;35.212419;-89.922182;38128;Yes;140
2022-11-04;35.209997;-89.952348;38128;Yes;320
2022-11-04;35.201346;-89.900461;38128;Yes;499
2022-11-04;35.203919;-89.929237;38128;No;443
2022-11-04;35.250753;-89.940355;38128;Yes;422
2022-11-04;35.238686;-89.942892;38128;Yes;2
2022-11-04;35.20056;-89.899925;38128;No;499
2022-11-04;35.198047;-89.939401;38128;Yes;470
2022-11-04;35.213004;-89.922116;38128;Yes;140
2022-11-04;35.201647;-89.89664;38128;No;202
2022-11-04;35.210222;-89.952596;38128;Yes;320
2022-11-04;35.19947;-89.939607;38128;Yes;470
2022-11-07;35.217569;-89.919624;38128;Yes;2
2022-11-07;35.244645;-89.901056;38128;No;3
2022-11-07;35.218898;-89.922514;38128;Yes;1
2022-11-07;35.195274;-89.902114;38128;Yes;567
2022-11-07;35.193628;-89.901453;38128;Yes;567
2022-11-07;35.194347;-89.901672;38128;Yes;567
2022-11-07;35.244013;-89.939865;38128;Yes;4
2022-11-07;35.194504;-89.901602;38128;Yes;567
2022-11-07;35.236019;-89.924188;38128;No;212
2022-11-08;35.234808;-89.938541;38128;No;1
2022-11-08;35.251058;-89.954766;38128;Yes;7
2022-11-09;35.197102;-89.90165;38128;No;794
2022-11-09;35.196007;-89.901066;38128;No;794
2022-11-10;35.242034;-89.909307;38128;Yes;4
2022-11-10;35.184572;-89.925038;38128;Yes;6
2022-11-14;35.186165;-89.924836;38128;No;4
2022-11-14;35.219221;-89.926891;38128;No;200
2022-11-14;35.246321;-89.911889;38128;No;1
2022-11-14;35.222305;-89.922244;38128;Yes;2
2022-11-15;35.246667;-89.95636;38128;Yes;2
2022-11-16;35.246926;-89.905047;38128;Yes;1
2022-11-16;35.245205;-89.915585;38128;Yes;2
2022-11-16;35.251327;-89.955774;38128;Yes;6
2022-11-17;35.257452;-89.928542;38128;Yes;523
2022-11-17;35.251071;-89.934322;38128;No;379
2022-11-17;35.201395;-89.919526;38128;Yes;32
2022-11-17;35.250662;-89.935242;38128;Yes;379
2022-11-17;35.257076;-89.925193;38128;No;523
2022-11-17;35.260041;-89.926333;38128;No;523
2022-11-17;35.259544;-89.926659;38128;Yes;523
2022-11-17;35.259161;-89.925949;38128;Yes;523
2022-11-17;35.25218;-89.935769;38128;No;379
2022-11-17;35.256595;-89.92858;38128;No;523
2022-11-17;35.226564;-89.932552;38128;No;3
2022-11-18;35.252474;-89.936074;38128;No;379
2022-11-18;35.250662;-89.935242;38128;No;379
2022-11-18;35.251563;-89.935568;38128;No;379
2022-11-18;35.255325;-89.940656;38128;Yes;3
2022-11-18;35.256835;-89.939427;38128;Yes;3
2022-11-21;35.194312;-89.910351;38128;No;824
2022-11-21;35.193799;-89.90947;38128;No;824
2022-11-21;35.196207;-89.909101;38128;No;824
2022-11-21;35.204071;-89.916986;38128;Yes;123
2022-11-21;35.194312;-89.910351;38128;Yes;824
2022-11-21;35.194919;-89.910065;38128;Yes;824
2022-11-21;35.19558;-89.911298;38128;Yes;824
2022-11-21;35.204001;-89.914649;38128;No;280
2022-11-21;35.196451;-89.909498;38128;Yes;824
2022-11-21;35.196451;-89.909498;38128;Yes;824
2022-11-21;35.204;-89.916456;38128;Yes;97
2022-11-21;35.236066;-89.936862;38128;Yes;5
2022-11-21;35.196709;-89.909917;38128;Yes;824
2022-11-21;35.204;-89.916456;38128;No;97
2022-11-21;35.198643;-89.904167;38128;Yes;534
2022-11-21;35.203601;-89.914195;38128;Yes;280
2022-11-21;35.249088;-89.942139;38128;No;422
2022-11-21;35.196207;-89.909101;38128;Yes;824
2022-11-21;35.19399;-89.909725;38128;Yes;824
2022-11-22;35.195319;-89.902328;38128;Yes;567
2022-11-22;35.246801;-89.95354;38128;Yes;1
2022-11-23;35.249115;-89.950765;38128;No;1
2022-11-23;35.247176;-89.908018;38128;No;2
2022-11-23;35.207801;-89.960278;38128;No;7
2022-11-23;35.217257;-89.904358;38128;Yes;5
2022-11-28;35.20927;-89.902726;38128;Yes;1
2022-11-28;35.233614;-89.924282;38128;Yes;74
2022-11-28;35.221693;-89.896621;38128;No;248
2022-11-28;35.242337;-89.901246;38128;No;3
2022-11-28;35.204407;-89.935496;38128;Yes;3
2022-11-28;35.221204;-89.898831;38128;Yes;88
2022-11-28;35.19867;-89.938654;38128;Yes;470
2022-11-28;35.244199;-89.951349;38128;Yes;1
2022-11-28;35.196746;-89.954971;38128;No;4
2022-11-28;35.201568;-89.914231;38128;No;607
2022-11-28;35.24546;-89.921471;38128;Yes;2
2022-11-28;35.252806;-89.902497;38128;Yes;3
2022-11-28;35.19947;-89.939607;38128;No;470
2022-11-29;35.248602;-89.95607;38128;Yes;2
2022-11-29;35.238948;-89.903077;38128;No;4
2022-11-29;35.213426;-89.897715;38128;Yes;3
2022-11-29;35.223814;-89.940825;38128;Yes;3
2022-11-29;35.216653;-89.922933;38128;Yes;5
2022-11-29;35.221672;-89.895205;38128;No;248
2022-11-30;35.209997;-89.952348;38128;Yes;320
2022-11-30;35.200991;-89.901601;38128;Yes;499
2022-11-30;35.2039;-89.92519;38128;Yes;381
2022-11-30;35.210061;-89.952684;38128;No;320
2022-11-30;35.221672;-89.895205;38128;Yes;248
2022-11-30;35.2043;-89.92507;38128;Yes;381
2022-11-30;35.209937;-89.951982;38128;No;320
2022-11-30;35.25257;-89.902903;38128;No;2
2022-11-30;35.182986;-89.921123;38128;Yes;2
2022-11-30;35.210061;-89.952684;38128;No;320
2022-11-30;35.246641;-89.947134;38128;No;4
2022-11-30;35.204841;-89.92507;38128;No;381
2022-11-30;35.216653;-89.922933;38128;Yes;5
2022-11-30;35.210233;-89.951983;38128;Yes;320
2022-11-30;35.236581;-89.941076;38128;Yes;1
2022-11-30;35.204869;-89.924429;38128;Yes;381
2022-11-30;35.204195;-89.924803;38128;Yes;381
2022-12-01;35.204;-89.916456;38128;No;97
2022-12-01;35.193694;-89.909831;38128;Yes;824
2022-12-01;35.203532;-89.917233;38128;Yes;123
2022-12-01;35.220566;-89.904222;38128;Yes;1
2022-12-01;35.19399;-89.909725;38128;Yes;824
2022-12-02;35.200809;-89.89931;38128;Yes;499
2022-12-02;35.200809;-89.89931;38128;No;499
2022-12-02;35.236404;-89.921779;38128;Yes;2
2022-12-02;35.201346;-89.900461;38128;No;499
2022-12-02;35.239319;-89.943095;38128;No;4
2022-12-02;35.200492;-89.901845;38128;No;499
2022-12-02;35.198484;-89.904445;38128;Yes;534
2022-12-02;35.201536;-89.901622;38128;No;499
2022-12-02;35.214309;-89.905172;38128;No;1
2022-12-02;35.239991;-89.937053;38128;Yes;5
2022-12-02;35.200501;-89.897444;38128;Yes;202
2022-12-02;35.198885;-89.90466;38128;No;534
2022-12-02;35.200065;-89.897714;38128;Yes;202
2022-12-02;35.198526;-89.939398;38128;Yes;470
2022-12-05;35.234549;-89.923407;38128;No;225
2022-12-05;35.199066;-89.93918;38128;Yes;470
2022-12-05;35.202062;-89.934762;38128;Yes;998
2022-12-05;35.233614;-89.924282;38128;No;74
2022-12-05;35.234759;-89.922886;38128;Yes;225
2022-12-05;35.234774;-89.924872;38128;No;126
2022-12-05;35.202189;-89.935568;38128;Yes;998
2022-12-05;35.234944;-89.923911;38128;Yes;225
2022-12-05;35.202616;-89.934723;38128;Yes;998
2022-12-05;35.201043;-89.935453;38128;Yes;998
2022-12-05;35.234759;-89.922886;38128;Yes;225
2022-12-05;35.200978;-89.93702;38128;No;998
2022-12-05;35.200717;-89.936147;38128;Yes;998
2022-12-05;35.199796;-89.937666;38128;No;998
2022-12-05;35.200235;-89.936743;38128;Yes;998
2022-12-05;35.199796;-89.937666;38128;Yes;998
2022-12-05;35.199275;-89.937216;38128;Yes;998
2022-12-05;35.234549;-89.923407;38128;No;225
2022-12-05;35.234759;-89.922886;38128;Yes;225
2022-12-05;35.20262;-89.934994;38128;Yes;998
2022-12-05;35.200105;-89.937994;38128;No;998
2022-12-05;35.197295;-89.93981;38128;No;470
2022-12-05;35.234007;-89.928988;38128;Yes;1
2022-12-05;35.202949;-89.93077;38128;Yes;443
2022-12-05;35.202949;-89.93077;38128;No;443
2022-12-05;35.198982;-89.938329;38128;Yes;470
2022-12-05;35.200978;-89.93702;38128;No;998
2022-12-05;35.234299;-89.923449;38128;Yes;225
2022-12-05;35.202616;-89.934723;38128;Yes;998
2022-12-05;35.201568;-89.934822;38128;Yes;998
2022-12-05;35.200978;-89.93702;38128;Yes;998
2022-12-05;35.200666;-89.937444;38128;No;998
2022-12-05;35.19947;-89.939607;38128;No;470
2022-12-06;35.210327;-89.917263;38128;No;3
2022-12-06;35.198307;-89.938561;38128;No;470
2022-12-06;35.190128;-89.896852;38128;No;1
2022-12-06;35.198358;-89.939018;38128;Yes;470
2022-12-06;35.186297;-89.929142;38128;No;5
2022-12-06;35.203832;-89.948608;38128;Yes;2
2022-12-06;35.253708;-89.900983;38128;Yes;1
2022-12-06;35.198982;-89.938329;38128;Yes;470
2022-12-07;35.25192;-89.900097;38128;Yes;2
2022-12-07;35.244032;-89.906214;38128;No;1
2022-12-07;35.24664;-89.93787;38128;Yes;7
2022-12-07;35.20853;-89.916339;38128;Yes;1
2022-12-08;35.211098;-89.924572;38128;Yes;77
2022-12-09;35.218641;-89.913288;38128;Yes;8
2022-12-12;35.23837;-89.93725;38128;No;2
2022-12-13;35.201473;-89.920659;38128;Yes;32
2022-12-13;35.19845;-89.939715;38128;No;470
2022-12-13;35.243374;-89.924015;38128;No;2
2022-12-13;35.209034;-89.904109;38128;Yes;1
2022-12-13;35.224238;-89.925465;38128;Yes;3
2022-12-13;35.209912;-89.907342;38128;Yes;3
2022-12-13;35.231094;-89.936212;38128;Yes;2
2022-12-13;35.199796;-89.937666;38128;Yes;998
2022-12-13;35.210043;-89.904598;38128;No;3
2022-12-13;35.235222;-89.917364;38128;No;1
2022-12-13;35.197207;-89.905027;38128;Yes;2
2022-12-14;35.252641;-89.93849;38128;No;43
2022-12-14;35.235463;-89.924872;38128;No;126
2022-12-14;35.217599;-89.922579;38128;No;3
2022-12-14;35.21041;-89.92358;38128;Yes;113
2022-12-14;35.210907;-89.924854;38128;Yes;77
2022-12-14;35.198919;-89.940409;38128;No;470
2022-12-14;35.252641;-89.93849;38128;Yes;43
2022-12-14;35.253311;-89.900677;38128;Yes;6
2022-12-14;35.230434;-89.924122;38128;No;1
2022-12-14;35.23752;-89.942518;38128;Yes;2
2022-12-14;35.198671;-89.938179;38128;Yes;470
2022-12-15;35.239511;-89.928254;38128;No;557
2022-12-15;35.240386;-89.927084;38128;Yes;557
2022-12-15;35.240288;-89.926381;38128;Yes;557
2022-12-15;35.239673;-89.926883;38128;Yes;557
2022-12-15;35.239491;-89.927215;38128;Yes;557
2022-12-15;35.23982;-89.92749;38128;Yes;557
2022-12-15;35.240916;-89.928152;38128;No;557
2022-12-15;35.239089;-89.927168;38128;Yes;557
2022-12-16;35.229768;-89.943937;38128;No;5
2022-12-16;35.236072;-89.941587;38128;No;3
2022-12-16;35.207964;-89.946688;38128;Yes;3
2022-12-16;35.239002;-89.941266;38128;Yes;5
2022-12-16;35.209997;-89.952348;38128;Yes;320
2022-12-16;35.203532;-89.917233;38128;No;123
2022-12-16;35.202014;-89.945118;38128;Yes;8
2022-12-16;35.203544;-89.917002;38128;Yes;123
2022-12-16;35.211742;-89.898217;38128;Yes;206
2022-12-16;35.204834;-89.908765;38128;No;4
2022-12-16;35.249727;-89.899932;38128;No;5
2022-12-16;35.201285;-89.945801;38128;Yes;8
2022-12-16;35.215057;-89.919767;38128;No;5
2022-12-16;35.210906;-89.897226;38128;No;206
2022-12-16;35.24641;-89.937046;38128;Yes;2
2022-12-16;35.204;-89.916456;38128;Yes;97
2022-12-19;35.239117;-89.928327;38128;Yes;557
2022-12-19;35.239128;-89.927522;38128;Yes;557
2022-12-19;35.203962;-89.930702;38128;Yes;443
2022-12-19;35.241347;-89.910222;38128;Yes;3
2022-12-19;35.239128;-89.927522;38128;Yes;557
2022-12-19;35.250864;-89.908285;38128;No;2
2022-12-19;35.239117;-89.928327;38128;No;557
2022-12-19;35.212696;-89.921963;38128;No;140
2022-12-19;35.239511;-89.928254;38128;Yes;557
2022-12-19;35.194405;-89.900906;38128;Yes;567
2022-12-19;35.239779;-89.927939;38128;Yes;557
2022-12-19;35.194504;-89.901602;38128;Yes;567
2022-12-19;35.238633;-89.902694;38128;No;6
2022-12-19;35.213004;-89.922116;38128;Yes;140
2022-12-19;35.212696;-89.921963;38128;Yes;140
2022-12-19;35.239491;-89.927215;38128;Yes;557
2022-12-19;35.195274;-89.902114;38128;Yes;567
2022-12-19;35.253357;-89.901408;38128;Yes;2
2022-12-19;35.223437;-89.920066;38128;No;2
2022-12-19;35.240582;-89.927472;38128;Yes;557
2022-12-19;35.239713;-89.9264;38128;Yes;557
2022-12-19;35.222713;-89.925973;38128;No;1
2022-12-19;35.194115;-89.900783;38128;Yes;567
2022-12-19;35.233051;-89.936549;38128;No;1
2022-12-19;35.203555;-89.929212;38128;Yes;443
2022-12-20;35.229681;-89.924998;38128;Yes;4
2022-12-20;35.236345;-89.932376;38128;Yes;1
2022-12-22;35.202062;-89.934762;38128;Yes;998
2022-12-22;35.201043;-89.935453;38128;Yes;998
2022-12-22;35.202288;-89.935327;38128;Yes;998
2022-12-22;35.201043;-89.935453;38128;Yes;998
2022-12-22;35.202065;-89.934491;38128;Yes;998
2022-12-22;35.200475;-89.937573;38128;Yes;998
2022-12-22;35.254627;-89.936733;38128;No;97
2022-12-27;35.223659;-89.923552;38128;No;4
2022-12-28;35.244284;-89.957201;38128;No;2
2022-12-28;35.203996;-89.941422;38128;Yes;2
2022-12-29;35.249411;-89.940904;38128;No;422
2022-12-29;35.249773;-89.941372;38128;Yes;422
2022-12-29;35.248618;-89.935129;38128;Yes;1
2022-12-29;35.249976;-89.941012;38128;Yes;422
2022-12-29;35.249976;-89.941012;38128;Yes;422
2022-12-29;35.250753;-89.940355;38128;No;422
2022-12-29;35.248534;-89.940195;38128;No;422
2022-12-30;35.221693;-89.896621;38128;No;248
2022-12-30;35.20099;-89.935722;38128;No;998
