2022-01-03;35.227177;-90.013434;38127;Yes;148
2022-01-03;35.223994;-89.980773;38127;No;1
2022-01-03;35.21105;-89.981752;38127;No;3
2022-01-03;35.224727;-89.9965;38127;Yes;2
2022-01-04;35.224489;-89.978026;38127;Yes;494
2022-01-04;35.266749;-90.040844;38127;No;2
2022-01-04;35.201396;-90.017528;38127;No;1
2022-01-04;35.218733;-90.001174;38127;No;2
2022-01-05;35.210941;-90.042397;38127;No;3
2022-01-05;35.234794;-89.983573;38127;No;1
2022-01-05;35.205465;-90.00326;38127;No;1
2022-01-07;35.213063;-90.033583;38127;Yes;123
2022-01-07;35.246802;-89.976422;38127;Yes;3
2022-01-07;35.219644;-89.995153;38127;Yes;7
2022-01-07;35.238823;-89.998575;38127;No;5
2022-01-07;35.219644;-89.995153;38127;No;7
2022-01-07;35.218767;-89.976998;38127;No;132
2022-01-07;35.217022;-90.018906;38127;Yes;3
2022-01-07;35.23524;-89.975742;38127;Yes;2
2022-01-07;35.237156;-89.98278;38127;Yes;1
2022-01-10;35.214036;-90.029938;38127;Yes;2
2022-01-10;35.209941;-89.976826;38127;No;2
2022-01-10;35.211578;-90.007149;38127;Yes;2
2022-01-11;35.226821;-89.971477;38127;No;5
2022-01-11;35.268595;-90.03731;38127;Yes;2
2022-01-11;35.226155;-89.986679;38127;No;2
2022-01-11;35.208347;-90.039777;38127;Yes;3
2022-01-11;35.22958;-89.965128;38127;Yes;1
2022-01-11;35.226492;-90.029474;38127;No;1
2022-01-12;35.20647;-89.999074;38127;Yes;5
2022-01-12;35.218507;-89.988966;38127;Yes;3
2022-01-12;35.209149;-89.985144;38127;Yes;3
2022-01-13;35.226738;-90.034056;38127;Yes;1
2022-01-13;35.206245;-90.03771;38127;Yes;4
2022-01-13;35.209835;-89.988745;38127;Yes;3
2022-01-13;35.224116;-90.030081;38127;No;4
2022-01-13;35.227018;-90.035961;38127;Yes;4
2022-01-14;35.229508;-89.966406;38127;No;2
2022-01-14;35.218678;-90.007957;38127;Yes;2
2022-01-14;35.213459;-90.040186;38127;No;5
2022-01-18;35.224613;-90.034381;38127;Yes;1
2022-01-18;35.27276;-90.038346;38127;No;3
2022-01-18;35.203884;-90.01123;38127;Yes;3
2022-01-19;35.235406;-89.96826;38127;Yes;3
2022-01-19;35.196586;-89.997519;38127;Yes;5
2022-01-19;35.230794;-89.999645;38127;No;1
2022-01-19;35.217961;-90.019221;38127;Yes;3
2022-01-19;35.21505;-90.002721;38127;No;4
2022-01-19;35.203909;-89.982237;38127;No;3
2022-01-20;35.21098;-90.004026;38127;No;1
2022-01-20;35.272848;-90.033962;38127;No;4
2022-01-20;35.217626;-89.982114;38127;No;5
2022-01-21;35.217449;-90.006678;38127;No;3
2022-01-21;35.224531;-90.006171;38127;Yes;3
2022-01-21;35.223198;-90.014534;38127;No;6
2022-01-21;35.225164;-89.976619;38127;Yes;494
2022-01-21;35.229992;-89.976878;38127;Yes;6
2022-01-21;35.237856;-90.008385;38127;Yes;3
2022-01-21;35.238954;-90.010347;38127;Yes;20
2022-01-21;35.209776;-89.988116;38127;No;3
2022-01-21;35.208648;-90.007578;38127;Yes;2
2022-01-24;35.209991;-89.979023;38127;Yes;2
2022-01-24;35.273143;-90.031963;38127;No;5
2022-01-24;35.249449;-89.979389;38127;No;3
2022-01-24;35.219881;-90.010176;38127;No;7
2022-01-24;35.222131;-90.00785;38127;No;3
2022-01-24;35.220973;-89.973733;38127;Yes;6
2022-01-25;35.234862;-89.980913;38127;Yes;123
2022-01-25;35.232742;-89.97976;38127;No;123
2022-01-25;35.21163;-90.025309;38127;Yes;263
2022-01-25;35.243376;-89.993552;38127;Yes;6
2022-01-25;35.210094;-90.011325;38127;Yes;2
2022-01-25;35.22079;-90.028766;38127;No;11
2022-01-25;35.232714;-89.980201;38127;No;123
2022-01-25;35.228751;-89.964874;38127;No;7
2022-01-25;35.245081;-89.977257;38127;Yes;2
2022-01-25;35.218468;-89.980231;38127;Yes;3
2022-01-25;35.225486;-90.035033;38127;Yes;1
2022-01-25;35.223906;-90.008;38127;No;3
2022-01-25;35.198473;-90.006886;38127;No;228
2022-01-25;35.227162;-90.012925;38127;No;148
2022-01-25;35.21942;-90.016369;38127;No;3
2022-01-25;35.197238;-90.005162;38127;No;127
2022-01-25;35.243908;-89.983164;38127;No;2
2022-01-25;35.234219;-89.981001;38127;No;123
2022-01-25;35.260277;-90.039116;38127;No;1
2022-01-26;35.204711;-89.991363;38127;Yes;4
2022-01-26;35.200338;-89.997725;38127;No;2
2022-01-26;35.249334;-89.978276;38127;Yes;5
2022-01-26;35.222685;-89.979396;38127;No;3
2022-01-26;35.260677;-90.039626;38127;Yes;1
2022-01-27;35.224075;-90.016414;38127;Yes;294
2022-01-27;35.202979;-89.977458;38127;No;441
2022-01-28;35.209888;-89.990894;38127;Yes;3
2022-01-28;35.235493;-89.98258;38127;No;3
2022-01-28;35.211357;-89.974257;38127;No;8
2022-01-28;35.239023;-89.983229;38127;No;4
2022-01-31;35.217256;-90.015285;38127;Yes;5
2022-01-31;35.221173;-89.988535;38127;No;2
2022-01-31;35.232524;-90.003025;38127;No;3
2022-01-31;35.203523;-90.01887;38127;No;4
2022-01-31;35.235248;-89.981796;38127;No;1
2022-02-01;35.234264;-89.9999;38127;No;3
2022-02-01;35.21163;-90.025309;38127;No;263
2022-02-01;35.217555;-90.018144;38127;Yes;2
2022-02-01;35.204044;-89.978831;38127;No;441
2022-02-01;35.202495;-90.030202;38127;No;111
2022-02-01;35.208183;-90.007569;38127;No;2
2022-02-01;35.201843;-90.02903;38127;Yes;111
2022-02-01;35.224363;-89.976702;38127;No;494
2022-02-01;35.194636;-90.014488;38127;Yes;1
2022-02-01;35.221759;-89.987598;38127;Yes;1
2022-02-01;35.196263;-90.001637;38127;Yes;1
2022-02-01;35.260578;-90.047029;38127;Yes;2
2022-02-01;35.27112;-90.031742;38127;Yes;2
2022-02-02;35.217405;-90.005986;38127;Yes;3
2022-02-02;35.224513;-90.016208;38127;Yes;294
2022-02-02;35.245035;-89.976005;38127;No;5
2022-02-07;35.223879;-90.016453;38127;Yes;294
2022-02-07;35.229844;-89.975124;38127;Yes;2
2022-02-07;35.231299;-90.014009;38127;Yes;134
2022-02-07;35.230994;-89.972854;38127;Yes;2
2022-02-07;35.23754;-89.978208;38127;No;4
2022-02-07;35.21163;-90.025309;38127;Yes;263
2022-02-07;35.224034;-89.992144;38127;No;4
2022-02-07;35.232195;-90.013253;38127;Yes;134
2022-02-07;35.232522;-90.012366;38127;No;134
2022-02-08;35.235743;-90.004838;38127;Yes;3
2022-02-08;35.229628;-89.974657;38127;No;4
2022-02-08;35.226062;-90.028554;38127;Yes;3
2022-02-08;35.213819;-90.045749;38127;Yes;4
2022-02-08;35.208404;-90.041845;38127;Yes;6
2022-02-08;35.208404;-90.041845;38127;No;6
2022-02-09;35.229461;-89.965656;38127;No;2
2022-02-09;35.202965;-90.004197;38127;No;129
2022-02-09;35.196194;-89.997614;38127;No;1
2022-02-09;35.218733;-89.976242;38127;No;132
2022-02-09;35.230137;-89.96533;38127;Yes;1
2022-02-11;35.212208;-89.970884;38127;No;2
2022-02-11;35.219617;-89.994915;38127;No;1
2022-02-11;35.227091;-89.99196;38127;Yes;3
2022-02-14;35.232739;-89.972304;38127;Yes;2
2022-02-14;35.213601;-90.027899;38127;No;235
2022-02-14;35.213249;-90.026983;38127;Yes;235
2022-02-14;35.213601;-90.027899;38127;No;235
2022-02-14;35.230904;-89.965144;38127;Yes;2
2022-02-14;35.216079;-90.042741;38127;No;2
2022-02-14;35.217176;-90.033769;38127;No;32
2022-02-15;35.213063;-90.033583;38127;Yes;123
2022-02-15;35.241047;-89.993003;38127;No;138
2022-02-15;35.229158;-89.964705;38127;Yes;6
2022-02-15;35.22199;-89.982043;38127;Yes;5
2022-02-15;35.224778;-90.004613;38127;No;1
2022-02-15;35.21306;-90.033021;38127;Yes;123
2022-02-15;35.250292;-89.979168;38127;No;6
2022-02-15;35.240895;-89.992371;38127;No;138
2022-02-15;35.264912;-90.038571;38127;Yes;3
2022-02-16;35.213675;-90.026991;38127;Yes;235
2022-02-16;35.208974;-89.985176;38127;No;10
2022-02-16;35.229458;-89.995075;38127;Yes;2
2022-02-16;35.270444;-90.035969;38127;Yes;1
2022-02-17;35.240015;-89.980126;38127;Yes;3
2022-02-17;35.195146;-90.013848;38127;No;5
2022-02-17;35.239545;-89.995585;38127;No;2
2022-02-18;35.236267;-89.987305;38127;No;2
2022-02-18;35.223311;-89.992843;38127;No;6
2022-02-18;35.22211;-90.025535;38127;No;3
2022-02-18;35.223311;-89.992843;38127;No;6
2022-02-18;35.223343;-90.01532;38127;Yes;294
2022-02-21;35.209287;-90.039203;38127;Yes;1
2022-02-21;35.218654;-90.014337;38127;No;6
2022-02-22;35.222962;-89.980747;38127;No;6
2022-02-22;35.235993;-89.986634;38127;No;3
2022-02-22;35.262917;-90.039823;38127;Yes;3
2022-02-22;35.233603;-89.985331;38127;Yes;1
2022-02-22;35.221254;-89.996186;38127;Yes;1
2022-02-23;35.239;-89.987398;38127;Yes;4
2022-02-23;35.212254;-89.9997;38127;No;3
2022-02-24;35.226089;-89.981941;38127;Yes;5
2022-02-24;35.224513;-90.016208;38127;Yes;294
2022-02-24;35.201257;-90.014919;38127;No;4
2022-02-24;35.202471;-90.005035;38127;No;129
2022-02-25;35.23385;-90.012203;38127;No;24
2022-02-25;35.23385;-90.012203;38127;No;24
2022-02-25;35.21355;-90.026743;38127;No;235
2022-02-25;35.210731;-90.012771;38127;No;1
2022-02-25;35.234397;-90.011843;38127;No;23
2022-02-25;35.23371;-90.011966;38127;No;24
2022-02-25;35.21355;-90.026743;38127;Yes;235
2022-02-25;35.23371;-90.011966;38127;No;24
2022-02-25;35.234096;-90.011618;38127;No;23
2022-02-28;35.266096;-90.035;38127;No;1
2022-02-28;35.27296;-90.0385;38127;No;5
2022-03-01;35.198499;-90.006267;38127;No;228
2022-03-01;35.234549;-89.967652;38127;Yes;3
2022-03-01;35.198499;-90.006267;38127;No;228
2022-03-01;35.196829;-90.005853;38127;No;127
2022-03-01;35.198473;-90.006886;38127;No;228
2022-03-01;35.198473;-90.006886;38127;No;228
2022-03-01;35.211962;-90.025087;38127;No;263
2022-03-01;35.198499;-90.006267;38127;No;228
2022-03-01;35.198499;-90.006267;38127;No;228
2022-03-01;35.210954;-90.02517;38127;No;263
2022-03-02;35.242473;-89.990935;38127;Yes;8
2022-03-02;35.197694;-89.999898;38127;No;2
2022-03-02;35.263807;-90.037021;38127;Yes;4
2022-03-03;35.216702;-90.008796;38127;No;1
2022-03-03;35.218554;-90.020987;38127;Yes;2
2022-03-03;35.216119;-89.988376;38127;Yes;4
2022-03-04;35.198162;-89.985931;38127;Yes;1
2022-03-04;35.22448;-89.987314;38127;No;5
2022-03-04;35.262188;-90.037095;38127;No;2
2022-03-04;35.202539;-89.975482;38127;No;3
2022-03-04;35.261983;-90.048237;38127;Yes;7
2022-03-04;35.235744;-89.977169;38127;Yes;4
2022-03-04;35.261794;-90.04282;38127;Yes;6
2022-03-04;35.268193;-90.040099;38127;No;3
2022-03-04;35.234942;-89.988523;38127;Yes;5
2022-03-07;35.210557;-90.009025;38127;Yes;4
2022-03-07;35.196749;-90.006573;38127;Yes;27
2022-03-07;35.224155;-90.03089;38127;Yes;1
2022-03-07;35.222695;-89.98079;38127;No;4
2022-03-07;35.212993;-89.980436;38127;Yes;4
2022-03-07;35.196749;-90.006573;38127;Yes;27
2022-03-07;35.247105;-89.982249;38127;Yes;6
2022-03-07;35.196749;-90.006573;38127;Yes;27
2022-03-08;35.211512;-90.038594;38127;Yes;2
2022-03-09;35.218264;-89.979211;38127;No;143
2022-03-09;35.213316;-90.034281;38127;Yes;123
2022-03-09;35.240609;-89.992293;38127;Yes;138
2022-03-09;35.21771;-89.978932;38127;Yes;143
2022-03-09;35.240609;-89.992293;38127;No;138
2022-03-09;35.240895;-89.992371;38127;Yes;138
2022-03-09;35.217455;-89.97917;38127;Yes;143
2022-03-09;35.224386;-90.015463;38127;Yes;294
2022-03-09;35.208377;-90.040884;38127;Yes;4
2022-03-10;35.23256;-89.973242;38127;No;4
2022-03-10;35.268867;-90.03239;38127;No;5
2022-03-11;35.248511;-89.978266;38127;No;4
2022-03-11;35.210552;-90.015777;38127;No;103
2022-03-14;35.215136;-90.007663;38127;No;5
2022-03-14;35.22263;-89.992778;38127;Yes;1
2022-03-14;35.214115;-89.985357;38127;Yes;1
2022-03-15;35.265409;-90.034865;38127;Yes;3
2022-03-15;35.224215;-90.015251;38127;Yes;294
2022-03-15;35.228769;-89.965903;38127;Yes;3
2022-03-16;35.220169;-89.992375;38127;Yes;3
2022-03-16;35.236787;-89.996806;38127;No;3
2022-03-16;35.195369;-89.997482;38127;No;4
2022-03-16;35.220222;-90.011472;38127;No;6
2022-03-16;35.211625;-90.00509;38127;Yes;2
2022-03-16;35.219002;-89.988886;38127;Yes;1
2022-03-17;35.213572;-90.027407;38127;Yes;235
2022-03-17;35.224513;-90.016208;38127;No;294
2022-03-17;35.213107;-90.027445;38127;No;235
2022-03-17;35.224215;-90.015251;38127;No;294
2022-03-17;35.224513;-90.016208;38127;Yes;294
2022-03-17;35.213107;-90.027445;38127;Yes;235
2022-03-17;35.224161;-90.015696;38127;Yes;294
2022-03-17;35.213572;-90.027407;38127;Yes;235
2022-03-17;35.215;-90.04572;38127;Yes;1
2022-03-17;35.226858;-90.013748;38127;No;148
2022-03-17;35.213601;-90.027899;38127;Yes;235
2022-03-17;35.223987;-90.016647;38127;Yes;294
2022-03-17;35.213572;-90.027407;38127;Yes;235
2022-03-17;35.211714;-90.02593;38127;No;263
2022-03-18;35.224077;-89.970926;38127;No;3
2022-03-18;35.199843;-90.000132;38127;Yes;1
2022-03-21;35.215352;-89.988963;38127;Yes;6
2022-03-21;35.264385;-90.038043;38127;No;4
2022-03-23;35.23801;-89.979689;38127;Yes;3
2022-03-23;35.212772;-90.04475;38127;No;1
2022-03-23;35.212684;-90.04144;38127;No;3
2022-03-23;35.227626;-89.983628;38127;Yes;3
2022-03-23;35.220577;-90.005252;38127;No;4
2022-03-23;35.234283;-90.002447;38127;No;5
2022-03-23;35.218572;-89.976618;38127;Yes;132
2022-03-23;35.263143;-90.043635;38127;Yes;7
2022-03-23;35.272436;-90.032839;38127;No;3
2022-03-23;35.212668;-90.025062;38127;No;263
2022-03-23;35.211869;-90.001916;38127;No;4
2022-03-24;35.213249;-90.026983;38127;No;235
2022-03-24;35.270735;-90.034559;38127;Yes;3
2022-03-24;35.208581;-90.041374;38127;No;1
2022-03-24;35.224363;-89.976702;38127;Yes;494
2022-03-24;35.228307;-89.990989;38127;Yes;4
2022-03-28;35.247154;-89.978796;38127;Yes;1
2022-03-28;35.225738;-89.976996;38127;Yes;494
2022-03-28;35.228227;-89.998451;38127;Yes;2
2022-03-29;35.224588;-90.033442;38127;Yes;3
2022-03-29;35.211167;-90.043753;38127;Yes;3
2022-03-29;35.225326;-89.988988;38127;Yes;1
2022-03-30;35.219158;-89.979217;38127;No;143
2022-03-30;35.217364;-89.981093;38127;Yes;6
2022-03-30;35.219158;-89.979217;38127;No;143
2022-03-30;35.217455;-89.97917;38127;No;143
2022-03-30;35.223651;-90.016984;38127;Yes;294
2022-03-30;35.234708;-89.981554;38127;Yes;123
2022-04-01;35.224242;-90.016357;38127;Yes;294
2022-04-05;35.206694;-89.977487;38127;Yes;17
2022-04-05;35.263837;-90.048177;38127;Yes;5
2022-04-05;35.224418;-89.997164;38127;No;4
2022-04-05;35.211819;-90.045177;38127;Yes;1
2022-04-05;35.217455;-89.97917;38127;No;143
2022-04-05;35.210264;-89.968231;38127;No;3
2022-04-06;35.202471;-90.005035;38127;Yes;129
2022-04-06;35.270677;-89.98395;38127;Yes;5
2022-04-06;35.224973;-90.015733;38127;No;294
2022-04-06;35.20202;-90.004783;38127;Yes;129
2022-04-06;35.208127;-90.041819;38127;Yes;1
2022-04-07;35.212643;-90.040194;38127;No;1
2022-04-07;35.223462;-90.036642;38127;No;1
2022-04-07;35.214779;-89.980336;38127;No;1
2022-04-08;35.203035;-89.977931;38127;No;441
2022-04-08;35.235536;-89.965897;38127;Yes;2
2022-04-08;35.212549;-90.013191;38127;Yes;3
2022-04-08;35.224611;-89.990577;38127;Yes;2
2022-04-08;35.198605;-89.997882;38127;Yes;5
2022-04-08;35.229993;-89.967016;38127;No;5
2022-04-08;35.260491;-90.038427;38127;No;2
2022-04-08;35.223869;-90.002355;38127;No;4
2022-04-08;35.21952;-90.018158;38127;No;7
2022-04-11;35.208627;-90.036666;38127;Yes;3
2022-04-11;35.228765;-89.966906;38127;Yes;6
2022-04-11;35.203436;-89.97655;38127;Yes;441
2022-04-11;35.203434;-89.976181;38127;Yes;441
2022-04-11;35.215589;-89.970959;38127;Yes;3
2022-04-11;35.216244;-90.038522;38127;No;4
2022-04-12;35.245518;-89.977125;38127;Yes;1
2022-04-13;35.23681;-89.982798;38127;No;3
2022-04-13;35.239186;-89.983801;38127;No;2
2022-04-13;35.230177;-89.964296;38127;No;2
2022-04-14;35.212408;-89.998636;38127;Yes;1
2022-04-18;35.21971;-90.032258;38127;No;3
2022-04-18;35.237594;-90.003644;38127;Yes;1
2022-04-18;35.208395;-90.03714;38127;No;3
2022-04-18;35.224969;-90.004585;38127;Yes;2
2022-04-18;35.224344;-90.037722;38127;No;5
2022-04-18;35.21829;-89.993724;38127;Yes;65
2022-04-19;35.227417;-89.973884;38127;Yes;1
2022-04-20;35.215121;-90.040083;38127;Yes;7
2022-04-20;35.271123;-90.033224;38127;No;5
2022-04-20;35.216537;-89.999558;38127;No;5
2022-04-21;35.224417;-90.038206;38127;Yes;3
2022-04-21;35.268382;-90.036065;38127;Yes;3
2022-04-21;35.218302;-89.976703;38127;Yes;132
2022-04-22;35.216285;-90.040332;38127;Yes;1
2022-04-23;35.213534;-90.033574;38127;Yes;123
2022-04-23;35.219158;-89.979217;38127;No;143
2022-04-23;35.227177;-90.013434;38127;Yes;148
2022-04-23;35.213534;-90.033574;38127;No;123
2022-04-23;35.218264;-89.979211;38127;No;143
2022-04-25;35.206542;-90.037248;38127;Yes;3
2022-04-25;35.219785;-90.017229;38127;Yes;1
2022-04-26;35.223143;-89.978769;38127;Yes;5
2022-04-26;35.224121;-89.978018;38127;Yes;494
2022-04-26;35.218392;-89.977017;38127;Yes;132
2022-04-26;35.224743;-89.975992;38127;Yes;494
2022-04-26;35.224243;-89.977241;38127;No;494
2022-04-26;35.225597;-89.978149;38127;No;494
2022-04-26;35.225597;-89.978149;38127;No;494
2022-04-27;35.261466;-90.036453;38127;Yes;1
2022-04-27;35.223649;-90.010558;38127;Yes;1
2022-04-27;35.211211;-90.037903;38127;Yes;1
2022-04-27;35.26066;-90.047826;38127;Yes;1
2022-04-27;35.223606;-89.991279;38127;Yes;2
2022-04-27;35.211379;-90.038593;38127;Yes;1
2022-04-27;35.224386;-90.015463;38127;Yes;294
2022-04-27;35.223432;-90.015568;38127;Yes;294
2022-04-27;35.213236;-90.025315;38127;No;3
2022-04-27;35.203571;-89.998277;38127;No;5
2022-04-27;35.211962;-90.025087;38127;Yes;263
2022-04-27;35.270824;-90.037637;38127;Yes;3
2022-04-27;35.223343;-90.01532;38127;Yes;294
2022-04-27;35.26545;-90.038655;38127;No;1
2022-04-28;35.230907;-89.965348;38127;Yes;2
2022-04-28;35.262863;-90.047022;38127;Yes;4
2022-04-28;35.217723;-90.017672;38127;Yes;5
2022-04-28;35.271119;-90.032741;38127;No;6
2022-04-28;35.228585;-89.993675;38127;No;7
2022-04-28;35.230585;-90.00118;38127;Yes;2
2022-04-28;35.21224;-90.040221;38127;No;3
2022-04-29;35.228585;-89.993675;38127;Yes;7
2022-04-29;35.222558;-90.00012;38127;Yes;1
2022-04-29;35.241047;-89.993003;38127;Yes;138
2022-04-29;35.228383;-89.995624;38127;Yes;5
2022-05-02;35.21497;-90.044766;38127;No;2
2022-05-03;35.215453;-90.001702;38127;Yes;2
2022-05-03;35.213249;-90.026983;38127;No;235
2022-05-03;35.213464;-90.027427;38127;No;235
2022-05-03;35.23736;-89.978217;38127;Yes;3
2022-05-03;35.226644;-89.996591;38127;No;2
2022-05-03;35.213572;-90.027407;38127;No;235
2022-05-03;35.213107;-90.027445;38127;No;235
2022-05-03;35.213464;-90.027427;38127;No;235
2022-05-03;35.215466;-90.002689;38127;Yes;8
2022-05-04;35.248654;-89.977883;38127;No;3
2022-05-04;35.201917;-90.005617;38127;Yes;129
2022-05-04;35.212668;-90.025062;38127;Yes;263
2022-05-04;35.232522;-90.012366;38127;Yes;134
2022-05-04;35.223793;-89.977951;38127;Yes;494
2022-05-05;35.209025;-90.003523;38127;Yes;2
2022-05-05;35.217889;-89.981311;38127;No;8
2022-05-06;35.211733;-89.983052;38127;Yes;2
2022-05-09;35.223879;-90.016453;38127;Yes;294
2022-05-10;35.222065;-90.033746;38127;Yes;2
2022-05-10;35.228795;-89.997317;38127;No;1
2022-05-11;35.217678;-90.010539;38127;Yes;2
2022-05-11;35.20916;-90.039167;38127;Yes;6
2022-05-11;35.211853;-90.000511;38127;Yes;4
2022-05-11;35.238001;-89.980292;38127;Yes;3
2022-05-11;35.215296;-89.989592;38127;Yes;2
2022-05-11;35.232553;-89.965526;38127;Yes;1
2022-05-11;35.204044;-89.978831;38127;Yes;441
2022-05-11;35.224082;-90.001038;38127;Yes;3
2022-05-11;35.241945;-89.98921;38127;Yes;2
2022-05-11;35.239781;-89.986501;38127;Yes;4
2022-05-11;35.201309;-90.010051;38127;Yes;6
2022-05-11;35.204589;-89.976121;38127;Yes;441
2022-05-11;35.202765;-89.978099;38127;Yes;441
2022-05-11;35.204243;-89.976815;38127;Yes;441
2022-05-11;35.210227;-90.036795;38127;Yes;1
2022-05-11;35.200903;-89.999953;38127;Yes;2
2022-05-11;35.271419;-90.035247;38127;No;10
2022-05-11;35.240957;-89.995694;38127;Yes;1
2022-05-11;35.202753;-89.97773;38127;No;441
2022-05-12;35.216495;-90.019804;38127;No;2
2022-05-13;35.228751;-89.964874;38127;Yes;7
2022-05-13;35.272946;-90.039443;38127;Yes;1
2022-05-13;35.238901;-89.991264;38127;No;1
2022-05-16;35.229848;-89.965554;38127;Yes;1
2022-05-16;35.223123;-89.971447;38127;Yes;2
2022-05-16;35.22956;-89.964061;38127;Yes;5
2022-05-16;35.201943;-89.998395;38127;No;3
2022-05-17;35.239645;-89.981546;38127;Yes;3
2022-05-17;35.235501;-89.989047;38127;Yes;2
2022-05-18;35.19659;-89.997353;38127;Yes;4
2022-05-18;35.266351;-90.033938;38127;Yes;2
2022-05-18;35.215843;-90.011027;38127;Yes;4
2022-05-18;35.235904;-89.997372;38127;No;2
2022-05-18;35.211357;-89.974257;38127;No;8
2022-05-18;35.225205;-90.021377;38127;No;2
2022-05-19;35.224913;-90.01549;38127;No;294
2022-05-19;35.230074;-89.966095;38127;Yes;1
2022-05-19;35.223898;-90.015199;38127;Yes;294
2022-05-19;35.221565;-89.979413;38127;Yes;1
2022-05-19;35.211886;-89.984348;38127;No;1
2022-05-19;35.213806;-90.023727;38127;No;4
2022-05-19;35.223432;-90.015568;38127;Yes;294
2022-05-20;35.224161;-90.015696;38127;No;294
2022-05-20;35.223898;-90.015199;38127;No;294
2022-05-23;35.216757;-90.01255;38127;No;6
2022-05-23;35.210875;-90.047053;38127;Yes;2
2022-05-23;35.20034;-90.002682;38127;Yes;1
2022-05-23;35.223097;-89.988337;38127;No;1
2022-05-24;35.224798;-89.976403;38127;No;494
2022-05-24;35.215752;-90.034554;38127;No;6
2022-05-24;35.228739;-89.967107;38127;Yes;6
2022-05-24;35.228739;-89.967107;38127;No;6
2022-05-24;35.220092;-89.988965;38127;No;4
2022-05-24;35.226829;-89.992433;38127;Yes;4
2022-05-24;35.22557;-89.975961;38127;Yes;494
2022-05-24;35.225156;-89.976103;38127;Yes;494
2022-05-24;35.225156;-89.976103;38127;No;494
2022-05-24;35.224121;-89.978018;38127;Yes;494
2022-05-25;35.21163;-90.025309;38127;No;263
2022-05-25;35.223651;-90.016984;38127;No;294
2022-05-25;35.223152;-90.005231;38127;Yes;3
2022-05-25;35.225281;-89.987347;38127;Yes;4
2022-05-25;35.212457;-90.026349;38127;No;263
2022-05-25;35.229319;-89.967431;38127;No;8
2022-05-25;35.223481;-90.016478;38127;Yes;294
2022-05-25;35.224242;-90.016357;38127;Yes;294
2022-05-25;35.224919;-90.039276;38127;No;2
2022-05-25;35.249194;-89.978832;38127;Yes;1
2022-05-25;35.224037;-90.015456;38127;Yes;294
2022-05-25;35.230866;-89.966352;38127;Yes;3
2022-05-25;35.220509;-89.994895;38127;Yes;1
2022-05-26;35.216738;-90.021825;38127;No;8
2022-05-26;35.212305;-90.035006;38127;Yes;3
2022-05-27;35.218099;-90.010636;38127;Yes;5
2022-05-27;35.22448;-89.987314;38127;Yes;5
2022-05-27;35.211064;-90.041352;38127;Yes;1
2022-05-27;35.212166;-89.99916;38127;Yes;25
2022-05-31;35.234087;-89.967974;38127;Yes;3
2022-05-31;35.217508;-90.007489;38127;Yes;4
2022-05-31;35.218827;-89.976736;38127;No;132
2022-05-31;35.258656;-90.038818;38127;Yes;5
2022-05-31;35.260996;-90.047165;38127;No;3
2022-05-31;35.222072;-90.035403;38127;Yes;1
2022-05-31;35.270902;-90.042605;38127;Yes;4
2022-06-01;35.210622;-89.98078;38127;Yes;1
2022-06-01;35.219135;-90.009435;38127;Yes;2
2022-06-01;35.210803;-90.02077;38127;Yes;2
2022-06-01;35.209308;-89.99935;38127;No;3
2022-06-01;35.223024;-89.992618;38127;Yes;3
2022-06-01;35.223496;-90.016769;38127;Yes;294
2022-06-01;35.268978;-90.033736;38127;No;2
2022-06-02;35.211146;-89.998227;38127;Yes;1
2022-06-03;35.212257;-90.001152;38127;Yes;8
2022-06-03;35.269545;-90.035354;38127;No;2
2022-06-03;35.269768;-90.03936;38127;No;7
2022-06-03;35.262183;-90.038544;38127;No;4
2022-06-03;35.266754;-90.032552;38127;No;3
2022-06-06;35.233899;-89.985162;38127;Yes;2
2022-06-06;35.213726;-90.028273;38127;No;235
2022-06-06;35.213601;-90.027899;38127;No;235
2022-06-07;35.209652;-89.982043;38127;Yes;2
2022-06-07;35.268251;-90.034897;38127;No;1
2022-06-08;35.269472;-90.042463;38127;Yes;7
2022-06-08;35.239946;-89.975874;38127;No;3
2022-06-08;35.204276;-90.00098;38127;Yes;2
2022-06-09;35.223598;-90.015753;38127;Yes;294
2022-06-09;35.203436;-89.97655;38127;Yes;441
2022-06-10;35.262728;-90.030985;38127;Yes;3
2022-06-10;35.223175;-89.991514;38127;No;2
2022-06-10;35.213571;-89.998131;38127;Yes;4
2022-06-10;35.21522;-90.044333;38127;Yes;1
2022-06-10;35.21489;-90.041838;38127;Yes;3
2022-06-13;35.215752;-90.034554;38127;No;6
2022-06-13;35.204682;-89.978349;38127;Yes;441
2022-06-13;35.204551;-89.977877;38127;Yes;441
2022-06-13;35.224102;-90.03773;38127;No;9
2022-06-13;35.210319;-90.042953;38127;No;2
2022-06-13;35.202084;-90.000866;38127;Yes;3
2022-06-13;35.204237;-89.977432;38127;Yes;441
2022-06-13;35.202979;-89.977458;38127;No;441
2022-06-14;35.214034;-90.029671;38127;No;3
2022-06-14;35.227488;-89.984269;38127;Yes;5
2022-06-14;35.21544;-89.982373;38127;Yes;6
2022-06-14;35.212339;-90.043459;38127;Yes;4
2022-06-15;35.223945;-89.989351;38127;No;5
2022-06-15;35.220469;-90.031697;38127;Yes;3
2022-06-15;35.21668;-90.01683;38127;No;3
2022-06-15;35.225998;-90.038722;38127;Yes;5
2022-06-15;35.207827;-89.981265;38127;Yes;2
2022-06-16;35.233684;-89.980652;38127;No;123
2022-06-16;35.270403;-90.03557;38127;Yes;6
2022-06-16;35.232714;-89.980201;38127;No;123
2022-06-16;35.234219;-89.981001;38127;No;123
2022-06-16;35.232742;-89.97976;38127;Yes;123
2022-06-16;35.234862;-89.980913;38127;No;123
2022-06-16;35.234708;-89.981554;38127;No;123
2022-06-16;35.234862;-89.980913;38127;No;123
2022-06-17;35.240259;-89.991413;38127;No;2
2022-06-17;35.264522;-90.033275;38127;Yes;2
2022-06-17;35.236351;-89.978131;38127;No;4
2022-06-17;35.226659;-90.030531;38127;No;5
2022-06-17;35.22372;-89.982614;38127;Yes;4
2022-06-17;35.21972;-89.990902;38127;Yes;4
2022-06-17;35.211601;-89.98982;38127;No;2
2022-06-17;35.195355;-89.997315;38127;No;4
2022-06-17;35.234482;-89.987395;38127;Yes;1
2022-06-17;35.237814;-89.994098;38127;Yes;2
2022-06-21;35.218093;-90.020333;38127;Yes;3
2022-06-21;35.22442;-90.007493;38127;Yes;2
2022-06-21;35.214958;-89.985772;38127;No;6
2022-06-21;35.203904;-89.976535;38127;Yes;441
2022-06-21;35.237745;-89.997134;38127;Yes;1
2022-06-22;35.203149;-90.030625;38127;No;111
2022-06-22;35.202663;-90.028371;38127;Yes;111
2022-06-22;35.219953;-89.984234;38127;Yes;2
2022-06-22;35.238912;-89.988601;38127;Yes;3
2022-06-23;35.226232;-90.0266;38127;No;3
2022-06-24;35.196237;-89.999485;38127;No;1
2022-06-24;35.213572;-90.027407;38127;No;235
2022-06-24;35.213107;-90.027445;38127;Yes;235
2022-06-24;35.221663;-90.034423;38127;Yes;2
2022-06-27;35.230364;-89.968056;38127;Yes;1
2022-06-27;35.210091;-90.013257;38127;No;4
2022-06-27;35.240609;-89.992293;38127;No;138
2022-06-27;35.224589;-90.007162;38127;No;6
2022-06-27;35.241047;-89.993003;38127;No;138
2022-06-28;35.225021;-90.006184;38127;Yes;6
2022-06-28;35.225382;-90.031323;38127;Yes;3
2022-06-28;35.217626;-89.982114;38127;No;5
2022-06-28;35.224418;-89.981974;38127;Yes;3
2022-06-28;35.228585;-89.993675;38127;No;7
2022-06-28;35.204211;-89.976296;38127;Yes;441
2022-06-29;35.235978;-89.981989;38127;Yes;2
2022-06-29;35.224832;-89.978015;38127;No;494
2022-06-29;35.249334;-89.978276;38127;No;5
2022-06-29;35.228991;-90.002385;38127;Yes;3
2022-06-29;35.222184;-89.984711;38127;No;3
2022-06-29;35.211116;-90.00282;38127;Yes;3
2022-06-29;35.210863;-89.993185;38127;Yes;2
2022-06-29;35.225447;-89.977345;38127;No;494
2022-06-29;35.223198;-90.014534;38127;No;6
2022-06-29;35.241949;-89.990688;38127;No;1
2022-06-29;35.262788;-90.048323;38127;Yes;2
2022-06-29;35.267384;-90.033153;38127;No;6
2022-06-29;35.209589;-90.011287;38127;Yes;6
2022-06-30;35.213965;-90.01577;38127;Yes;72
2022-06-30;35.226843;-89.984812;38127;No;6
2022-06-30;35.233684;-89.980652;38127;Yes;123
2022-06-30;35.202753;-89.97773;38127;Yes;441
2022-06-30;35.204237;-89.977432;38127;Yes;441
2022-06-30;35.226905;-90.014049;38127;Yes;148
2022-06-30;35.204682;-89.978349;38127;Yes;441
2022-06-30;35.213578;-90.015913;38127;Yes;72
2022-06-30;35.226605;-90.012802;38127;Yes;148
2022-06-30;35.213541;-90.015392;38127;Yes;72
2022-06-30;35.245194;-89.984355;38127;Yes;7
2022-07-01;35.231492;-89.992473;38127;No;3
2022-07-01;35.226158;-89.996913;38127;No;2
2022-07-01;35.242473;-89.990935;38127;Yes;8
2022-07-01;35.243928;-89.98788;38127;Yes;4
2022-07-01;35.26363;-90.035491;38127;No;3
2022-07-01;35.228748;-89.968894;38127;Yes;2
2022-07-01;35.203388;-90.026251;38127;No;4
2022-07-01;35.223214;-89.988183;38127;No;4
2022-07-01;35.214283;-90.005715;38127;Yes;3
2022-07-01;35.234769;-89.968614;38127;Yes;3
2022-07-01;35.227706;-89.969999;38127;Yes;3
2022-07-01;35.26202;-90.037076;38127;No;5
2022-07-01;35.229628;-89.974657;38127;Yes;4
2022-07-01;35.225202;-89.971999;38127;Yes;4
2022-07-05;35.202965;-90.004197;38127;Yes;129
2022-07-05;35.222617;-90.038379;38127;Yes;1
2022-07-05;35.230415;-89.99749;38127;Yes;2
2022-07-05;35.203753;-90.004351;38127;Yes;129
2022-07-05;35.217907;-89.993601;38127;Yes;65
2022-07-05;35.268054;-90.037606;38127;Yes;3
2022-07-06;35.221838;-90.013433;38127;Yes;1
2022-07-06;35.219636;-89.987962;38127;Yes;2
2022-07-06;35.223076;-89.98855;38127;Yes;3
2022-07-06;35.267216;-90.034476;38127;Yes;3
2022-07-06;35.222962;-89.980747;38127;No;6
2022-07-07;35.211427;-90.005053;38127;Yes;1
2022-07-08;35.222828;-90.002327;38127;No;3
2022-07-08;35.198307;-90.012264;38127;Yes;1
2022-07-08;35.209933;-90.010449;38127;Yes;5
2022-07-08;35.239982;-89.982318;38127;Yes;5
2022-07-08;35.210396;-89.981519;38127;Yes;4
2022-07-11;35.224583;-90.032991;38127;Yes;4
2022-07-11;35.208536;-90.041866;38127;Yes;4
2022-07-11;35.221571;-89.988145;38127;Yes;1
2022-07-11;35.217638;-90.026677;38127;Yes;1
2022-07-11;35.227142;-90.034183;38127;Yes;1
2022-07-11;35.225855;-90.032353;38127;Yes;1
2022-07-11;35.243552;-89.988628;38127;No;5
2022-07-12;35.291348;-90.036178;38127;No;1
2022-07-12;35.230897;-89.964936;38127;Yes;1
2022-07-12;35.219024;-89.977988;38127;Yes;1
2022-07-12;35.221406;-90.00919;38127;No;1
2022-07-13;35.221932;-89.98855;38127;No;3
2022-07-13;35.215399;-90.044694;38127;Yes;2
2022-07-14;35.204682;-89.978349;38127;Yes;441
2022-07-14;35.239206;-89.981599;38127;Yes;3
2022-07-14;35.202979;-89.977458;38127;Yes;441
2022-07-14;35.223991;-89.990706;38127;Yes;3
2022-07-14;35.204326;-89.978395;38127;Yes;441
2022-07-14;35.223145;-89.970906;38127;Yes;4
2022-07-14;35.240646;-89.978103;38127;Yes;2
2022-07-14;35.202979;-89.977458;38127;Yes;441
2022-07-14;35.20455;-89.97725;38127;Yes;441
2022-07-14;35.203436;-89.97655;38127;No;441
2022-07-15;35.20615;-89.979908;38127;Yes;5
2022-07-15;35.22741;-90.005708;38127;Yes;2
2022-07-18;35.213543;-90.043303;38127;Yes;1
2022-07-18;35.20261;-89.977383;38127;No;441
2022-07-18;35.234862;-89.980913;38127;Yes;123
2022-07-18;35.248473;-89.976499;38127;Yes;2
2022-07-18;35.234708;-89.981554;38127;No;123
2022-07-18;35.234708;-89.981554;38127;Yes;123
2022-07-18;35.242258;-89.982642;38127;Yes;1
2022-07-18;35.226938;-90.012936;38127;Yes;148
2022-07-18;35.263787;-90.034484;38127;Yes;1
2022-07-18;35.233245;-89.979749;38127;No;123
2022-07-18;35.226644;-90.013497;38127;No;148
2022-07-18;35.233245;-89.979749;38127;Yes;123
2022-07-18;35.197431;-90.00303;38127;No;2
2022-07-19;35.227863;-89.973017;38127;No;4
2022-07-19;35.206694;-89.977487;38127;Yes;17
2022-07-19;35.270521;-90.032209;38127;Yes;4
2022-07-19;35.213865;-90.044798;38127;Yes;14
2022-07-19;35.24171;-89.979207;38127;No;4
2022-07-19;35.21705;-90.002123;38127;Yes;2
2022-07-19;35.196749;-90.006573;38127;Yes;27
2022-07-20;35.200414;-90.009705;38127;Yes;1
2022-07-20;35.218767;-89.976998;38127;No;132
2022-07-20;35.211184;-90.008997;38127;No;3
2022-07-20;35.27296;-90.0385;38127;Yes;5
2022-07-20;35.205004;-90.040483;38127;Yes;2
2022-07-20;35.201698;-90.010007;38127;Yes;3
2022-07-20;35.266577;-90.039159;38127;No;3
2022-07-20;35.224786;-90.001907;38127;Yes;29
2022-07-21;35.213572;-90.027407;38127;No;235
2022-07-21;35.210319;-90.042953;38127;Yes;2
2022-07-21;35.213572;-90.027407;38127;No;235
2022-07-22;35.202792;-89.99761;38127;Yes;6
2022-07-22;35.219305;-89.984765;38127;No;4
2022-07-22;35.268746;-90.035946;38127;Yes;3
2022-07-22;35.265965;-90.033108;38127;No;6
2022-07-22;35.210504;-90.040858;38127;Yes;2
2022-07-22;35.270438;-90.039247;38127;No;4
2022-07-22;35.232896;-89.965001;38127;Yes;6
2022-07-25;35.21306;-90.033021;38127;No;123
2022-07-25;35.21333;-90.033233;38127;Yes;123
2022-07-25;35.217455;-89.97917;38127;Yes;143
2022-07-25;35.219158;-89.979217;38127;No;143
2022-07-25;35.218264;-89.979211;38127;Yes;143
2022-07-25;35.22669;-89.992918;38127;Yes;1
2022-07-25;35.21333;-90.033233;38127;No;123
2022-07-25;35.213534;-90.033574;38127;No;123
2022-07-25;35.219158;-89.979217;38127;Yes;143
2022-07-25;35.218264;-89.979211;38127;Yes;143
2022-07-25;35.219158;-89.979217;38127;Yes;143
2022-07-25;35.219158;-89.979217;38127;Yes;143
2022-07-26;35.223793;-89.977951;38127;Yes;494
2022-07-26;35.238295;-90.011032;38127;Yes;20
2022-07-26;35.225152;-89.977163;38127;Yes;494
2022-07-26;35.197294;-89.997848;38127;No;2
2022-07-26;35.225597;-89.978149;38127;No;494
2022-07-26;35.22558;-89.976748;38127;Yes;494
2022-07-26;35.208036;-89.996667;38127;Yes;5
2022-07-26;35.238151;-90.010732;38127;Yes;20
2022-07-26;35.238151;-90.010732;38127;Yes;20
2022-07-26;35.225447;-89.977345;38127;Yes;494
2022-07-26;35.225163;-89.978154;38127;Yes;494
2022-07-26;35.225256;-89.977734;38127;No;494
2022-07-27;35.269152;-90.037983;38127;Yes;4
2022-07-27;35.213933;-89.987874;38127;No;2
2022-07-27;35.221866;-90.034359;38127;No;2
2022-07-27;35.263408;-90.043635;38127;No;1
2022-07-27;35.215846;-90.040759;38127;No;6
2022-07-27;35.271818;-90.034971;38127;No;2
2022-07-27;35.224418;-89.981974;38127;Yes;3
2022-07-27;35.223898;-90.015199;38127;Yes;294
2022-07-27;35.207529;-90.040299;38127;No;3
2022-07-27;35.227867;-89.975169;38127;Yes;2
2022-07-28;35.214752;-90.040124;38127;Yes;1
2022-07-28;35.212166;-89.99916;38127;No;25
2022-07-28;35.213373;-90.015651;38127;No;72
2022-07-28;35.195394;-89.997653;38127;Yes;2
2022-07-28;35.213601;-90.027899;38127;Yes;235
2022-07-28;35.218572;-89.976618;38127;No;132
2022-07-28;35.195379;-89.996946;38127;Yes;1
2022-07-28;35.200826;-89.978317;38127;Yes;1
2022-07-29;35.231565;-89.97959;38127;Yes;1
2022-07-29;35.203436;-89.97655;38127;No;441
2022-07-29;35.203904;-89.976535;38127;Yes;441
2022-08-01;35.236019;-89.965687;38127;Yes;8
2022-08-01;35.21952;-90.018158;38127;Yes;7
2022-08-01;35.228315;-89.990766;38127;No;1
2022-08-01;35.240591;-89.994635;38127;Yes;2
2022-08-01;35.213811;-90.006334;38127;No;2
2022-08-01;35.224357;-90.001788;38127;No;2
2022-08-01;35.231297;-89.966436;38127;Yes;1
2022-08-01;35.229989;-89.974161;38127;Yes;2
2022-08-02;35.241924;-89.995471;38127;No;4
2022-08-02;35.266054;-90.033776;38127;Yes;2
2022-08-03;35.2375;-89.983864;38127;No;3
2022-08-03;35.269472;-90.042463;38127;Yes;7
2022-08-03;35.251843;-89.9761;38127;Yes;5
2022-08-04;35.211406;-90.039725;38127;Yes;3
2022-08-04;35.224682;-90.038175;38127;No;2
2022-08-05;35.208226;-90.040294;38127;Yes;2
2022-08-08;35.20909;-89.999706;38127;Yes;7
2022-08-09;35.196829;-90.005853;38127;Yes;127
2022-08-09;35.265962;-90.039019;38127;Yes;2
2022-08-09;35.198499;-90.006267;38127;Yes;228
2022-08-09;35.198499;-90.006267;38127;No;228
2022-08-09;35.198499;-90.006267;38127;Yes;228
2022-08-09;35.261983;-90.048237;38127;Yes;7
2022-08-09;35.222951;-90.016739;38127;Yes;7
2022-08-09;35.198499;-90.006267;38127;Yes;228
2022-08-09;35.228126;-89.970054;38127;Yes;2
2022-08-09;35.261183;-90.039894;38127;Yes;3
2022-08-09;35.198473;-90.006886;38127;Yes;228
2022-08-09;35.248097;-89.978258;38127;No;2
2022-08-09;35.196839;-90.005311;38127;Yes;127
2022-08-09;35.261794;-90.04282;38127;Yes;6
2022-08-09;35.228126;-89.970054;38127;No;2
2022-08-09;35.198499;-90.006267;38127;Yes;228
2022-08-09;35.222951;-90.016739;38127;Yes;7
2022-08-10;35.236112;-89.985209;38127;No;3
2022-08-10;35.217955;-90.033623;38127;No;2
2022-08-10;35.217889;-89.981311;38127;No;8
2022-08-10;35.21451;-90.040135;38127;No;3
2022-08-10;35.219253;-90.004799;38127;No;91
2022-08-10;35.216889;-90.032938;38127;No;32
2022-08-11;35.20209;-90.03032;38127;No;111
2022-08-11;35.20288;-90.029817;38127;No;111
2022-08-11;35.212886;-90.035687;38127;Yes;5
2022-08-11;35.208702;-90.04181;38127;Yes;2
2022-08-11;35.207654;-90.009271;38127;No;2
2022-08-11;35.224919;-90.039276;38127;Yes;2
2022-08-12;35.23891;-90.009416;38127;Yes;20
2022-08-15;35.218749;-89.984761;38127;No;3
2022-08-15;35.24123;-89.980935;38127;No;1
2022-08-16;35.215044;-90.036626;38127;Yes;2
2022-08-16;35.21135;-90.041807;38127;Yes;1
2022-08-16;35.205049;-90.011486;38127;Yes;2
2022-08-17;35.234708;-89.981554;38127;No;123
2022-08-17;35.233684;-89.980652;38127;Yes;123
2022-08-17;35.234708;-89.981554;38127;No;123
2022-08-17;35.234549;-90.006537;38127;Yes;3
2022-08-17;35.234862;-89.980913;38127;No;123
2022-08-17;35.199722;-90.012575;38127;Yes;1
2022-08-17;35.234862;-89.980913;38127;No;123
2022-08-18;35.20261;-89.977383;38127;Yes;441
2022-08-18;35.220441;-90.030564;38127;Yes;4
2022-08-18;35.210264;-90.006954;38127;Yes;3
2022-08-19;35.238793;-89.980798;38127;No;4
2022-08-19;35.210927;-89.995334;38127;Yes;2
2022-08-19;35.221079;-90.004697;38127;Yes;1
2022-08-19;35.224447;-90.00045;38127;Yes;2
2022-08-19;35.218659;-90.023411;38127;Yes;4
2022-08-22;35.22558;-89.976748;38127;Yes;494
2022-08-22;35.237556;-89.990796;38127;Yes;3
2022-08-22;35.224127;-89.977555;38127;No;494
2022-08-22;35.220498;-90.032769;38127;Yes;1
2022-08-22;35.224243;-89.977241;38127;No;494
2022-08-22;35.225632;-89.977729;38127;Yes;494
2022-08-22;35.225267;-89.987548;38127;Yes;4
2022-08-22;35.21392;-89.98055;38127;No;2
2022-08-22;35.234798;-89.982838;38127;No;3
2022-08-23;35.201527;-90.00589;38127;No;129
2022-08-23;35.20239;-90.004688;38127;No;129
2022-08-23;35.232304;-89.967189;38127;Yes;2
2022-08-24;35.213578;-90.015913;38127;Yes;72
2022-08-24;35.213373;-90.015651;38127;No;72
2022-08-24;35.214447;-90.004678;38127;Yes;7
2022-08-24;35.213578;-90.015913;38127;Yes;72
2022-08-24;35.217955;-90.033623;38127;No;2
2022-08-24;35.210344;-89.983339;38127;No;3
2022-08-24;35.229327;-89.971157;38127;Yes;4
2022-08-25;35.240026;-89.995743;38127;No;3
2022-08-25;35.240569;-89.99713;38127;Yes;4
2022-08-26;35.219158;-89.979217;38127;No;143
2022-08-26;35.21771;-89.978932;38127;Yes;143
2022-08-26;35.217364;-89.981093;38127;Yes;6
2022-08-26;35.218264;-89.979211;38127;No;143
2022-08-26;35.217455;-89.97917;38127;No;143
2022-08-29;35.221234;-89.990691;38127;Yes;6
2022-08-29;35.224363;-89.976702;38127;Yes;494
2022-08-29;35.262205;-90.046157;38127;Yes;1
2022-08-29;35.225447;-89.977345;38127;No;494
2022-08-29;35.225447;-89.977345;38127;Yes;494
2022-08-29;35.225571;-89.976171;38127;Yes;494
2022-08-29;35.237517;-89.999803;38127;No;6
2022-08-29;35.225597;-89.978149;38127;Yes;494
2022-08-29;35.266754;-90.032552;38127;No;3
2022-08-29;35.22495;-89.977497;38127;No;494
2022-08-29;35.262183;-90.038544;38127;Yes;4
2022-08-29;35.221695;-90.021914;38127;No;2
2022-08-29;35.224121;-89.978018;38127;No;494
2022-08-29;35.224743;-89.975992;38127;No;494
2022-08-30;35.203909;-89.982237;38127;No;3
2022-08-30;35.248511;-89.978266;38127;Yes;4
2022-08-31;35.201257;-90.014919;38127;Yes;4
2022-08-31;35.214554;-89.988998;38127;Yes;5
2022-08-31;35.228905;-89.970154;38127;No;3
2022-09-01;35.260365;-90.037467;38127;No;2
2022-09-01;35.214417;-90.035648;38127;Yes;3
2022-09-01;35.212684;-90.04144;38127;Yes;3
2022-09-01;35.217565;-90.016694;38127;Yes;1
2022-09-02;35.217907;-89.993601;38127;No;65
2022-09-02;35.213981;-89.981376;38127;Yes;6
2022-09-02;35.23152;-89.986885;38127;No;6
2022-09-02;35.26399;-90.033497;38127;Yes;1
2022-09-02;35.214823;-89.996752;38127;Yes;6
2022-09-02;35.226338;-90.017147;38127;Yes;4
2022-09-02;35.230163;-89.971828;38127;Yes;3
2022-09-02;35.205095;-90.025876;38127;Yes;1
2022-09-02;35.222937;-89.983175;38127;No;6
2022-09-02;35.220666;-90.033543;38127;No;2
2022-09-02;35.227387;-89.971357;38127;Yes;5
2022-09-02;35.203523;-90.01887;38127;No;4
2022-09-06;35.218264;-89.979211;38127;Yes;143
2022-09-06;35.214515;-89.997983;38127;Yes;2
2022-09-06;35.232575;-90.01288;38127;Yes;134
2022-09-06;35.21771;-89.978932;38127;Yes;143
2022-09-07;35.238596;-89.990711;38127;Yes;5
2022-09-07;35.225689;-89.979345;38127;No;1
2022-09-07;35.221181;-89.989337;38127;Yes;5
2022-09-08;35.219881;-90.010176;38127;Yes;7
2022-09-08;35.210585;-90.037564;38127;Yes;1
2022-09-08;35.226391;-90.005598;38127;Yes;6
2022-09-08;35.207548;-90.04084;38127;No;2
2022-09-08;35.219134;-90.007099;38127;Yes;2
2022-09-09;35.219583;-90.019497;38127;No;4
2022-09-09;35.239792;-89.991785;38127;No;2
2022-09-09;35.228739;-89.967107;38127;No;6
2022-09-09;35.221861;-89.992382;38127;Yes;1
2022-09-12;35.282141;-89.981563;38127;No;3
2022-09-12;35.219391;-89.974382;38127;Yes;2
2022-09-12;35.240146;-89.994537;38127;Yes;3
2022-09-12;35.226718;-90.036504;38127;No;2
2022-09-12;35.245209;-89.98413;38127;No;2
2022-09-12;35.225382;-90.031323;38127;No;3
2022-09-12;35.202873;-89.981942;38127;Yes;5
2022-09-12;35.230727;-89.967455;38127;Yes;1
2022-09-13;35.20574;-89.985655;38127;No;2
2022-09-13;35.233323;-89.965494;38127;No;3
2022-09-13;35.271609;-90.03287;38127;Yes;2
2022-09-14;35.22572;-90.013252;38127;Yes;148
2022-09-14;35.203311;-89.977399;38127;Yes;441
2022-09-14;35.203893;-89.976916;38127;No;441
2022-09-14;35.203035;-89.977931;38127;Yes;441
2022-09-14;35.195146;-90.013848;38127;Yes;5
2022-09-14;35.216044;-89.98956;38127;Yes;1
2022-09-14;35.203352;-89.977801;38127;Yes;441
2022-09-15;35.24294;-89.994883;38127;Yes;4
2022-09-15;35.20275;-90.004741;38127;Yes;129
2022-09-15;35.210551;-89.994837;38127;No;5
2022-09-16;35.210296;-89.988754;38127;Yes;2
2022-09-16;35.200903;-89.999953;38127;Yes;2
2022-09-16;35.261765;-90.046869;38127;Yes;5
2022-09-19;35.260996;-90.047165;38127;No;3
2022-09-19;35.213965;-90.01577;38127;Yes;72
2022-09-19;35.265339;-90.032906;38127;Yes;6
2022-09-19;35.223973;-89.996958;38127;Yes;1
2022-09-20;35.220812;-90.01918;38127;Yes;2
2022-09-20;35.204211;-89.976296;38127;Yes;441
2022-09-20;35.240853;-89.981134;38127;Yes;1
2022-09-21;35.226731;-90.000775;38127;Yes;2
2022-09-21;35.269545;-90.035354;38127;Yes;2
2022-09-21;35.207991;-90.041821;38127;Yes;3
2022-09-22;35.222373;-89.982016;38127;Yes;2
2022-09-22;35.269071;-90.034787;38127;Yes;4
2022-09-22;35.228764;-89.965303;38127;Yes;5
2022-09-22;35.234862;-89.980913;38127;No;123
2022-09-23;35.225505;-90.006483;38127;Yes;1
2022-09-23;35.217907;-89.993601;38127;No;65
2022-09-23;35.215214;-90.000125;38127;No;4
2022-09-23;35.224579;-89.999328;38127;Yes;2
2022-09-23;35.225382;-90.031323;38127;Yes;3
2022-09-23;35.218857;-89.974355;38127;No;6
2022-09-23;35.223812;-89.987661;38127;Yes;2
2022-09-23;35.218016;-90.019763;38127;No;4
2022-09-23;35.224685;-90.035997;38127;Yes;4
2022-09-23;35.282141;-89.981563;38127;No;3
2022-09-23;35.226718;-90.036504;38127;Yes;2
2022-09-27;35.20209;-90.03032;38127;No;111
2022-09-27;35.232234;-90.014445;38127;Yes;134
2022-09-27;35.202724;-90.028632;38127;No;111
2022-09-28;35.208925;-90.002388;38127;Yes;4
2022-09-28;35.211001;-90.049214;38127;No;1
2022-09-28;35.262203;-90.046726;38127;Yes;2
2022-09-28;35.213464;-90.027427;38127;No;235
2022-09-28;35.213249;-90.026983;38127;Yes;235
2022-09-28;35.23975;-89.989935;38127;No;1
2022-09-28;35.21355;-90.026743;38127;No;235
2022-09-28;35.212522;-90.036557;38127;Yes;1
2022-09-28;35.211698;-90.010373;38127;Yes;1
2022-09-28;35.213572;-90.027407;38127;Yes;235
2022-09-28;35.213464;-90.027427;38127;Yes;235
2022-09-28;35.213249;-90.026983;38127;Yes;235
2022-09-29;35.222139;-90.001093;38127;No;2
2022-09-29;35.218811;-89.976505;38127;Yes;132
2022-09-29;35.218572;-89.976618;38127;No;132
2022-09-29;35.231341;-90.014499;38127;Yes;134
2022-09-30;35.197967;-90.002203;38127;No;2
2022-09-30;35.216436;-90.040671;38127;Yes;7
2022-09-30;35.229461;-89.965656;38127;No;2
2022-09-30;35.204782;-90.010164;38127;Yes;1
2022-09-30;35.224861;-90.02045;38127;Yes;1
2022-09-30;35.220169;-89.992375;38127;Yes;3
2022-09-30;35.229508;-89.966406;38127;Yes;2
2022-09-30;35.272436;-90.032839;38127;Yes;3
2022-09-30;35.231104;-89.97588;38127;No;5
2022-09-30;35.225902;-90.013135;38127;No;148
2022-09-30;35.27211;-90.038598;38127;Yes;8
2022-09-30;35.245568;-89.976408;38127;Yes;2
2022-09-30;35.234283;-90.002447;38127;Yes;5
2022-10-03;35.218811;-89.976505;38127;No;132
2022-10-03;35.239023;-89.983229;38127;Yes;4
2022-10-03;35.241044;-89.998141;38127;No;3
2022-10-03;35.223505;-89.997188;38127;No;11
2022-10-03;35.220831;-89.988161;38127;Yes;7
2022-10-04;35.226753;-89.998537;38127;Yes;1
2022-10-04;35.26363;-90.035491;38127;Yes;3
2022-10-04;35.210354;-90.036887;38127;No;2
2022-10-04;35.208942;-90.003096;38127;Yes;5
2022-10-04;35.219253;-90.004799;38127;Yes;91
2022-10-04;35.222951;-90.016739;38127;Yes;7
2022-10-04;35.27045;-90.038274;38127;Yes;4
2022-10-04;35.233145;-89.971598;38127;No;1
2022-10-04;35.232887;-89.965615;38127;Yes;2
2022-10-04;35.221567;-89.987959;38127;No;1
2022-10-04;35.214796;-89.985775;38127;No;1
2022-10-04;35.212344;-90.002063;38127;No;4
2022-10-04;35.206176;-90.036181;38127;Yes;3
2022-10-05;35.267246;-90.038168;38127;Yes;2
2022-10-05;35.210995;-90.043784;38127;Yes;6
2022-10-06;35.198499;-90.006267;38127;Yes;228
2022-10-06;35.198499;-90.006267;38127;Yes;228
2022-10-06;35.229191;-89.96673;38127;No;3
2022-10-06;35.196829;-90.005853;38127;Yes;127
2022-10-06;35.197087;-90.005172;38127;Yes;127
2022-10-06;35.206542;-90.037248;38127;Yes;3
2022-10-07;35.217455;-89.97917;38127;No;143
2022-10-07;35.20389;-89.977466;38127;Yes;441
2022-10-07;35.2375;-89.983864;38127;No;3
2022-10-07;35.220989;-89.973151;38127;Yes;1
2022-10-07;35.217907;-89.993601;38127;Yes;65
2022-10-07;35.203352;-89.977801;38127;Yes;441
2022-10-07;35.226605;-90.012802;38127;Yes;148
2022-10-07;35.219158;-89.979217;38127;No;143
2022-10-07;35.212208;-89.970884;38127;Yes;2
2022-10-07;35.231229;-90.013222;38127;Yes;134
2022-10-10;35.270403;-90.03557;38127;Yes;6
2022-10-10;35.20606;-90.017208;38127;Yes;5
2022-10-11;35.270151;-90.041709;38127;Yes;2
2022-10-11;35.232217;-90.013746;38127;No;134
2022-10-12;35.2379;-89.989628;38127;Yes;2
2022-10-12;35.235712;-90.006182;38127;No;3
2022-10-12;35.258931;-90.039196;38127;No;1
2022-10-13;35.200662;-90.014278;38127;Yes;2
2022-10-13;35.203149;-90.030625;38127;Yes;111
2022-10-13;35.20389;-89.977466;38127;Yes;441
2022-10-13;35.20389;-89.977466;38127;No;441
2022-10-13;35.204834;-89.976696;38127;Yes;441
2022-10-13;35.20189;-90.029273;38127;Yes;111
2022-10-13;35.20245;-90.029955;38127;No;111
2022-10-13;35.216889;-90.032938;38127;Yes;32
2022-10-13;35.20311;-90.030362;38127;No;111
2022-10-13;35.208018;-90.008974;38127;No;2
2022-10-13;35.202663;-90.028371;38127;No;111
2022-10-13;35.20289;-90.029404;38127;No;111
2022-10-13;35.202735;-90.030747;38127;No;111
2022-10-13;35.216889;-90.032938;38127;Yes;32
2022-10-14;35.21668;-90.01683;38127;Yes;3
2022-10-17;35.230168;-89.970674;38127;No;1
2022-10-17;35.206694;-89.977487;38127;Yes;17
2022-10-17;35.208974;-89.985176;38127;No;10
2022-10-17;35.195369;-89.997482;38127;Yes;4
2022-10-18;35.27296;-90.0385;38127;Yes;5
2022-10-18;35.222605;-90.037979;38127;Yes;2
2022-10-18;35.272537;-90.035285;38127;Yes;2
2022-10-18;35.209653;-90.0035;38127;Yes;4
2022-10-18;35.223311;-89.992843;38127;Yes;6
2022-10-18;35.224039;-89.994484;38127;No;3
2022-10-18;35.237143;-89.977711;38127;No;1
2022-10-18;35.204544;-90.026215;38127;No;1
2022-10-18;35.235118;-90.004942;38127;Yes;2
2022-10-18;35.212166;-89.99916;38127;Yes;25
2022-10-19;35.238288;-89.994526;38127;Yes;2
2022-10-19;35.237523;-90.001762;38127;Yes;3
2022-10-19;35.230295;-89.965211;38127;Yes;3
2022-10-20;35.232386;-90.001558;38127;Yes;1
2022-10-20;35.234341;-89.995751;38127;No;1
2022-10-20;35.225461;-90.005844;38127;Yes;1
2022-10-21;35.233342;-89.989741;38127;Yes;3
2022-10-21;35.223563;-90.038877;38127;Yes;2
2022-10-21;35.272081;-90.035134;38127;Yes;2
2022-10-21;35.211794;-90.044372;38127;No;3
2022-10-21;35.224973;-90.015733;38127;Yes;294
2022-10-21;35.224973;-90.015733;38127;No;294
2022-10-21;35.271453;-90.032806;38127;Yes;1
2022-10-21;35.230977;-89.970523;38127;Yes;3
2022-10-21;35.241373;-89.996389;38127;Yes;3
2022-10-21;35.223555;-90.016187;38127;No;294
2022-10-21;35.223343;-90.01532;38127;No;294
2022-10-21;35.207251;-90.017588;38127;No;4
2022-10-24;35.210291;-90.015747;38127;Yes;103
2022-10-24;35.265133;-90.039086;38127;Yes;2
2022-10-24;35.21791;-90.017182;38127;No;4
2022-10-24;35.211775;-90.015924;38127;Yes;103
2022-10-25;35.21336;-90.017231;38127;Yes;1
2022-10-25;35.202753;-89.97773;38127;No;441
2022-10-25;35.234708;-89.981554;38127;Yes;123
2022-10-25;35.238676;-89.996634;38127;Yes;2
2022-10-26;35.216288;-90.01867;38127;No;2
2022-10-26;35.261553;-90.037673;38127;Yes;1
2022-10-26;35.21429;-90.02198;38127;Yes;3
2022-10-26;35.231964;-89.963892;38127;Yes;1
2022-10-26;35.197209;-90.007228;38127;Yes;16
2022-10-27;35.218654;-90.014337;38127;Yes;6
2022-10-27;35.203088;-89.997584;38127;Yes;2
2022-10-27;35.197281;-90.006967;38127;Yes;22
2022-10-27;35.196749;-90.006573;38127;Yes;27
2022-10-27;35.197281;-90.006967;38127;Yes;22
2022-10-27;35.197472;-90.007418;38127;Yes;16
2022-10-27;35.197209;-90.007228;38127;Yes;16
2022-10-27;35.215792;-90.010671;38127;No;2
2022-10-27;35.213373;-90.015651;38127;No;72
2022-10-31;35.223598;-90.015753;38127;Yes;294
2022-10-31;35.218334;-89.988963;38127;No;3
2022-11-01;35.219822;-89.973306;38127;No;4
2022-11-01;35.218264;-89.979211;38127;Yes;143
2022-11-01;35.204834;-89.976696;38127;Yes;441
2022-11-01;35.226232;-90.0266;38127;Yes;3
2022-11-01;35.203436;-89.97655;38127;No;441
2022-11-01;35.219253;-90.004799;38127;Yes;91
2022-11-01;35.204682;-89.978349;38127;Yes;441
2022-11-01;35.212322;-89.998185;38127;Yes;5
2022-11-01;35.226644;-89.996591;38127;Yes;2
2022-11-01;35.231675;-89.964365;38127;No;4
2022-11-01;35.204211;-89.976296;38127;No;441
2022-11-01;35.210075;-90.008494;38127;No;5
2022-11-01;35.271419;-90.035247;38127;Yes;10
2022-11-01;35.216629;-89.997249;38127;Yes;3
2022-11-02;35.207548;-90.04084;38127;Yes;2
2022-11-02;35.214613;-90.006922;38127;Yes;1
2022-11-03;35.210805;-89.980944;38127;No;1
2022-11-03;35.237994;-89.982567;38127;Yes;3
2022-11-03;35.205234;-89.995881;38127;Yes;6
2022-11-03;35.202651;-90.004177;38127;Yes;129
2022-11-03;35.219644;-89.995153;38127;Yes;7
2022-11-04;35.199291;-90.012423;38127;No;1
2022-11-04;35.226748;-89.98192;38127;Yes;2
2022-11-07;35.269014;-90.033955;38127;No;3
2022-11-07;35.260155;-90.034803;38127;No;2
2022-11-07;35.271274;-90.032783;38127;Yes;3
2022-11-07;35.198473;-90.006886;38127;Yes;228
2022-11-07;35.198473;-90.006886;38127;Yes;228
2022-11-07;35.202979;-89.977458;38127;Yes;441
2022-11-07;35.232447;-89.96441;38127;Yes;2
2022-11-07;35.203352;-89.977801;38127;Yes;441
2022-11-07;35.198499;-90.006267;38127;Yes;228
2022-11-08;35.21333;-90.033233;38127;Yes;123
2022-11-08;35.217907;-89.993601;38127;Yes;65
2022-11-08;35.228959;-89.967477;38127;Yes;3
2022-11-08;35.258371;-90.036905;38127;Yes;2
2022-11-08;35.270426;-89.983776;38127;Yes;5
2022-11-08;35.269284;-90.039424;38127;Yes;6
2022-11-08;35.260597;-90.047233;38127;Yes;3
2022-11-08;35.211099;-89.991854;38127;Yes;3
2022-11-08;35.218445;-89.993724;38127;No;65
2022-11-08;35.203046;-89.99557;38127;Yes;2
2022-11-09;35.222216;-90.029669;38127;Yes;1
2022-11-09;35.211818;-90.04459;38127;Yes;2
2022-11-09;35.201994;-90.018153;38127;No;3
2022-11-09;35.216244;-90.038522;38127;Yes;4
2022-11-10;35.234912;-89.991578;38127;Yes;4
2022-11-10;35.215531;-90.025415;38127;No;157
2022-11-10;35.216349;-90.026675;38127;No;201
2022-11-10;35.201998;-89.982602;38127;Yes;6
2022-11-10;35.215599;-90.025089;38127;No;157
2022-11-14;35.1954;-89.998345;38127;Yes;1
2022-11-14;35.229016;-89.997572;38127;Yes;2
2022-11-14;35.196915;-90.000279;38127;Yes;3
2022-11-14;35.21326;-90.036597;38127;Yes;3
2022-11-14;35.270005;-90.034057;38127;Yes;1
2022-11-15;35.234708;-89.981554;38127;Yes;123
2022-11-15;35.234708;-89.981554;38127;Yes;123
2022-11-15;35.211601;-89.98982;38127;Yes;2
2022-11-15;35.233245;-89.979749;38127;Yes;123
2022-11-15;35.247076;-89.97643;38127;No;1
2022-11-16;35.235379;-90.003568;38127;Yes;2
2022-11-16;35.212993;-89.980436;38127;No;4
2022-11-16;35.237148;-89.9867;38127;No;2
2022-11-16;35.213033;-90.039079;38127;Yes;1
2022-11-16;35.21497;-90.044766;38127;Yes;2
2022-11-16;35.237994;-89.982567;38127;No;3
2022-11-16;35.210091;-90.013257;38127;Yes;4
2022-11-16;35.234169;-89.986921;38127;No;3
2022-11-17;35.208251;-90.008886;38127;Yes;2
2022-11-17;35.208687;-89.999749;38127;Yes;5
2022-11-17;35.203711;-90.013028;38127;Yes;105
2022-11-17;35.216288;-90.01867;38127;Yes;2
2022-11-17;35.20316;-90.012959;38127;Yes;105
2022-11-17;35.260984;-90.046251;38127;Yes;1
2022-11-17;35.224077;-89.970926;38127;Yes;3
2022-11-17;35.237777;-89.990826;38127;No;1
2022-11-17;35.203278;-90.012132;38127;Yes;105
2022-11-17;35.232575;-90.01288;38127;Yes;134
2022-11-18;35.222595;-90.028715;38127;Yes;1
2022-11-21;35.21336;-90.023509;38127;Yes;3
2022-11-21;35.224079;-89.999131;38127;Yes;1
2022-11-21;35.204211;-89.976296;38127;Yes;441
2022-11-21;35.209062;-90.003096;38127;Yes;3
2022-11-21;35.230243;-89.979583;38127;Yes;2
2022-11-22;35.215515;-90.026117;38127;Yes;201
2022-11-22;35.215876;-90.025159;38127;Yes;157
2022-11-22;35.21633;-90.02634;38127;No;201
2022-11-22;35.216047;-90.026753;38127;Yes;201
2022-11-22;35.216051;-90.025155;38127;Yes;157
2022-11-22;35.21783;-90.007667;38127;No;3
2022-11-22;35.215947;-90.025994;38127;No;201
2022-11-22;35.214036;-90.029938;38127;No;2
2022-11-22;35.216047;-90.026753;38127;Yes;201
2022-11-22;35.225529;-89.984866;38127;No;2
2022-11-22;35.231025;-89.979563;38127;Yes;5
2022-11-23;35.230039;-89.974643;38127;Yes;2
2022-11-23;35.216738;-90.021825;38127;No;8
2022-11-23;35.226659;-90.030531;38127;No;5
2022-11-23;35.226506;-90.004134;38127;No;3
2022-11-23;35.21972;-89.990902;38127;Yes;4
2022-11-23;35.208311;-90.039175;38127;Yes;5
2022-11-28;35.217723;-90.017672;38127;Yes;5
2022-11-28;35.222553;-89.982656;38127;No;7
2022-11-28;35.232742;-89.97976;38127;Yes;123
2022-11-28;35.224798;-89.976403;38127;No;494
2022-11-28;35.202196;-90.005326;38127;Yes;129
2022-11-29;35.216344;-90.025991;38127;Yes;201
2022-11-29;35.215515;-89.989592;38127;Yes;3
2022-11-29;35.212582;-90.001506;38127;Yes;1
2022-11-30;35.203711;-90.013028;38127;Yes;105
2022-11-30;35.203392;-90.01342;38127;Yes;105
2022-11-30;35.222461;-89.996493;38127;No;1
2022-11-30;35.216361;-90.001658;38127;Yes;4
2022-11-30;35.20285;-90.011992;38127;Yes;105
2022-11-30;35.203114;-90.015139;38127;Yes;105
2022-11-30;35.270944;-90.035036;38127;Yes;2
2022-11-30;35.210242;-90.006025;38127;No;4
2022-11-30;35.218566;-90.001174;38127;No;2
2022-11-30;35.217082;-89.998479;38127;Yes;3
2022-12-01;35.239179;-89.981795;38127;No;2
2022-12-01;35.211049;-89.981491;38127;No;1
2022-12-01;35.235493;-89.98258;38127;Yes;3
2022-12-01;35.223325;-89.989577;38127;Yes;3
2022-12-01;35.225474;-90.004922;38127;Yes;1
2022-12-02;35.273585;-90.034609;38127;Yes;2
2022-12-02;35.224233;-90.033925;38127;Yes;1
2022-12-02;35.211926;-90.013191;38127;Yes;3
2022-12-02;35.261485;-90.0481;38127;No;1
2022-12-02;35.219158;-89.979217;38127;Yes;143
2022-12-05;35.249175;-89.976949;38127;No;4
2022-12-05;35.229319;-89.967431;38127;Yes;8
2022-12-05;35.224344;-90.037722;38127;Yes;5
2022-12-05;35.21306;-90.033021;38127;No;123
2022-12-05;35.21306;-90.033021;38127;Yes;123
2022-12-05;35.213316;-90.034281;38127;No;123
2022-12-05;35.218008;-89.97435;38127;Yes;1
2022-12-05;35.223143;-89.978769;38127;Yes;5
2022-12-05;35.224102;-90.03773;38127;Yes;9
2022-12-05;35.21306;-90.033021;38127;Yes;123
2022-12-06;35.266214;-90.038639;38127;Yes;1
2022-12-06;35.204399;-89.996356;38127;No;4
2022-12-06;35.234393;-89.986236;38127;Yes;1
2022-12-07;35.267162;-90.037748;38127;Yes;1
2022-12-07;35.225035;-89.970251;38127;Yes;4
2022-12-07;35.234536;-89.969194;38127;Yes;3
2022-12-07;35.214512;-89.998594;38127;Yes;2
2022-12-07;35.225958;-90.036457;38127;Yes;1
2022-12-07;35.231473;-89.992198;38127;Yes;3
2022-12-07;35.236355;-89.978334;38127;No;1
2022-12-07;35.203233;-90.001185;38127;Yes;2
2022-12-07;35.217586;-90.042679;38127;Yes;3
2022-12-08;35.209691;-90.011974;38127;No;2
2022-12-12;35.198473;-90.006886;38127;No;228
2022-12-12;35.198473;-90.006886;38127;No;228
2022-12-12;35.21633;-90.02634;38127;Yes;201
2022-12-12;35.198499;-90.006267;38127;Yes;228
2022-12-12;35.198473;-90.006886;38127;Yes;228
2022-12-12;35.208706;-90.017812;38127;No;3
2022-12-12;35.215644;-90.026434;38127;Yes;201
2022-12-12;35.21634;-90.02549;38127;No;157
2022-12-12;35.198473;-90.006886;38127;No;228
2022-12-13;35.213572;-90.027407;38127;Yes;235
2022-12-13;35.21295;-89.980936;38127;Yes;1
2022-12-13;35.260578;-90.047029;38127;Yes;2
2022-12-13;35.229738;-89.963925;38127;Yes;3
2022-12-13;35.219158;-90.014333;38127;Yes;6
2022-12-13;35.213601;-90.027899;38127;No;235
2022-12-13;35.221257;-89.991881;38127;Yes;2
2022-12-13;35.213572;-90.027407;38127;Yes;235
2022-12-13;35.204548;-90.018908;38127;Yes;3
2022-12-13;35.201943;-89.998395;38127;No;3
2022-12-13;35.220343;-90.024126;38127;Yes;1
2022-12-13;35.221988;-89.991085;38127;Yes;3
2022-12-13;35.213249;-90.026983;38127;Yes;235
2022-12-14;35.196749;-90.006573;38127;Yes;27
2022-12-14;35.224589;-90.007162;38127;Yes;6
2022-12-14;35.236055;-89.989919;38127;Yes;9
2022-12-14;35.234549;-90.006537;38127;No;3
2022-12-14;35.215918;-89.970941;38127;Yes;5
2022-12-14;35.212397;-89.975892;38127;No;2
2022-12-14;35.196749;-90.006573;38127;Yes;27
2022-12-14;35.196749;-90.006573;38127;Yes;27
2022-12-14;35.221379;-89.992299;38127;Yes;5
2022-12-15;35.234862;-89.980913;38127;No;123
2022-12-15;35.197209;-90.007228;38127;No;16
2022-12-15;35.197281;-90.006967;38127;No;22
2022-12-15;35.234862;-89.980913;38127;Yes;123
2022-12-15;35.234862;-89.980913;38127;Yes;123
2022-12-15;35.228752;-89.965484;38127;No;4
2022-12-15;35.197209;-90.007228;38127;Yes;16
2022-12-16;35.221601;-90.01852;38127;No;2
2022-12-16;35.272824;-90.033486;38127;Yes;1
2022-12-16;35.224701;-90.03659;38127;Yes;4
2022-12-16;35.208678;-90.041355;38127;Yes;3
2022-12-16;35.219164;-89.971311;38127;Yes;3
2022-12-16;35.219808;-89.972471;38127;Yes;2
2022-12-16;35.21516;-90.040762;38127;No;2
2022-12-16;35.267225;-90.033517;38127;No;3
2022-12-16;35.224643;-90.000468;38127;Yes;1
2022-12-16;35.244306;-89.976258;38127;Yes;1
2022-12-19;35.211253;-90.015942;38127;Yes;103
2022-12-19;35.235949;-89.978061;38127;No;3
2022-12-19;35.220441;-90.030564;38127;No;4
2022-12-19;35.223958;-90.013386;38127;Yes;1
2022-12-19;35.209258;-89.997827;38127;Yes;4
2022-12-20;35.213249;-90.026983;38127;No;235
2022-12-20;35.213601;-90.027899;38127;No;235
2022-12-20;35.213572;-90.027407;38127;No;235
2022-12-20;35.213572;-90.027407;38127;No;235
2022-12-21;35.210166;-90.016316;38127;Yes;103
2022-12-22;35.21306;-90.033021;38127;No;123
2022-12-22;35.218264;-89.979211;38127;No;143
2022-12-22;35.213316;-90.034281;38127;No;123
2022-12-22;35.209842;-90.016092;38127;Yes;103
2022-12-22;35.21306;-90.033021;38127;Yes;123
2022-12-22;35.22339;-90.011324;38127;No;3
2022-12-28;35.224417;-90.038206;38127;Yes;3
2022-12-28;35.240407;-89.997912;38127;No;4
2022-12-28;35.207988;-90.041821;38127;Yes;3
2022-12-28;35.211375;-89.994616;38127;Yes;4
2022-12-28;35.267856;-90.036688;38127;No;4
2022-12-28;35.22741;-90.005708;38127;Yes;2
2022-12-28;35.197281;-90.006967;38127;Yes;22
2022-12-28;35.218079;-90.008048;38127;No;3
2022-12-29;35.218302;-89.976703;38127;Yes;132
2022-12-29;35.218392;-89.977017;38127;No;132
2022-12-29;35.215441;-89.984893;38127;Yes;2
2022-12-29;35.226025;-90.013808;38127;Yes;148
2022-12-29;35.20485;-89.977138;38127;Yes;441
2022-12-30;35.225156;-89.976103;38127;No;494
2022-12-30;35.225741;-89.977338;38127;No;494
2022-12-30;35.224243;-89.977241;38127;No;494