2022-01-03;35.048754;-89.919128;38118;No;314
2022-01-03;35.048754;-89.919128;38118;No;314
2022-01-03;35.058016;-89.915088;38118;Yes;4
2022-01-03;35.073441;-89.92717;38118;Yes;1165
2022-01-03;35.052548;-89.917119;38118;No;603
2022-01-03;35.073797;-89.928802;38118;No;1165
2022-01-03;35.073288;-89.927841;38118;Yes;1165
2022-01-03;35.043771;-89.957612;38118;Yes;8
2022-01-03;35.073288;-89.927841;38118;Yes;1165
2022-01-03;35.068825;-89.934395;38118;No;992
2022-01-03;35.073797;-89.928802;38118;Yes;1165
2022-01-03;35.073288;-89.927841;38118;Yes;1165
2022-01-03;35.052088;-89.918197;38118;No;603
2022-01-03;35.04405;-89.941225;38118;No;2
2022-01-03;35.057848;-89.927536;38118;No;1071
2022-01-03;35.044384;-89.940343;38118;No;4
2022-01-07;35.060751;-89.902132;38118;Yes;3
2022-01-07;35.063004;-89.892064;38118;No;3
2022-01-07;35.051132;-89.934697;38118;Yes;4
2022-01-07;35.042439;-89.900396;38118;Yes;2
2022-01-10;35.028604;-89.957663;38118;No;197
2022-01-10;35.058398;-89.902427;38118;No;2
2022-01-10;35.027779;-89.949724;38118;Yes;9
2022-01-10;35.028239;-89.957929;38118;No;197
2022-01-11;35.047625;-89.919269;38118;No;314
2022-01-11;35.073624;-89.92497;38118;Yes;1165
2022-01-11;35.073302;-89.928432;38118;Yes;1165
2022-01-12;35.073585;-89.925766;38118;No;1165
2022-01-12;35.074279;-89.926101;38118;Yes;1165
2022-01-12;35.073514;-89.924347;38118;Yes;1165
2022-01-12;35.073306;-89.924565;38118;No;1165
2022-01-12;35.073809;-89.925677;38118;No;1165
2022-01-12;35.048435;-89.90128;38118;No;15
2022-01-12;35.073624;-89.92497;38118;No;1165
2022-01-12;35.073797;-89.928802;38118;Yes;1165
2022-01-12;35.073585;-89.925766;38118;Yes;1165
2022-01-12;35.073386;-89.92883;38118;No;1165
2022-01-12;35.073586;-89.928422;38118;Yes;1165
2022-01-12;35.073441;-89.92717;38118;Yes;1165
2022-01-12;35.074426;-89.925671;38118;No;1165
2022-01-12;35.07325;-89.9259;38118;No;1165
2022-01-12;35.073809;-89.925677;38118;Yes;1165
2022-01-12;35.05178;-89.89841;38118;Yes;278
2022-01-12;35.073913;-89.923658;38118;No;1165
2022-01-12;35.07307;-89.926868;38118;No;1165
2022-01-13;35.070842;-89.906781;38118;No;564
2022-01-13;35.071866;-89.906626;38118;Yes;564
2022-01-13;35.071367;-89.906771;38118;Yes;564
2022-01-13;35.052171;-89.911645;38118;Yes;130
2022-01-13;35.055342;-89.927032;38118;Yes;65
2022-01-13;35.070225;-89.908252;38118;Yes;564
2022-01-13;35.056078;-89.910324;38118;Yes;3
2022-01-13;35.070201;-89.907099;38118;No;564
2022-01-13;35.070237;-89.908861;38118;Yes;564
2022-01-13;35.055342;-89.927032;38118;No;65
2022-01-13;35.070193;-89.906703;38118;Yes;564
2022-01-13;35.071367;-89.906771;38118;No;564
2022-01-13;35.070842;-89.906781;38118;Yes;564
2022-01-13;35.070167;-89.909564;38118;Yes;564
2022-01-13;35.070978;-89.911028;38118;No;1
2022-01-14;35.033406;-89.960983;38118;No;2
2022-01-14;35.047163;-89.904317;38118;Yes;1040
2022-01-14;35.051287;-89.955881;38118;Yes;2
2022-01-14;35.048277;-89.902035;38118;No;1040
2022-01-14;35.058682;-89.927631;38118;Yes;1071
2022-01-14;35.058841;-89.92878;38118;Yes;1071
2022-01-14;35.048295;-89.902447;38118;Yes;1040
2022-01-14;35.057739;-89.930398;38118;No;1071
2022-01-14;35.048099;-89.903798;38118;Yes;1040
2022-01-14;35.058502;-89.928875;38118;No;1071
2022-01-14;35.058222;-89.92671;38118;Yes;1071
2022-01-14;35.057842;-89.926703;38118;Yes;1071
2022-01-14;35.048099;-89.903798;38118;Yes;1040
2022-01-14;35.057651;-89.929957;38118;Yes;1071
2022-01-14;35.058841;-89.92878;38118;Yes;1071
2022-01-18;35.056874;-89.907505;38118;No;4
2022-01-18;35.047735;-89.903401;38118;No;1040
2022-01-18;35.047735;-89.903401;38118;Yes;1040
2022-01-18;35.010267;-89.957565;38118;No;3
2022-01-18;35.048304;-89.904149;38118;Yes;1040
2022-01-18;35.047711;-89.904051;38118;Yes;1040
2022-01-18;35.05326;-89.922663;38118;No;635
2022-01-18;35.068239;-89.888626;38118;No;7
2022-01-18;35.053548;-89.922653;38118;Yes;635
2022-01-18;35.055635;-89.92258;38118;Yes;635
2022-01-18;35.049733;-89.902341;38118;Yes;1040
2022-01-18;35.063728;-89.909682;38118;Yes;1
2022-01-18;35.052653;-89.922227;38118;Yes;635
2022-01-19;35.068455;-89.900248;38118;Yes;2
2022-01-19;35.069357;-89.896174;38118;No;1
2022-01-20;35.015533;-89.95367;38118;Yes;2
2022-01-21;35.044841;-89.948888;38118;No;1
2022-01-21;35.062371;-89.928389;38118;No;354
2022-01-21;35.062667;-89.929137;38118;No;354
2022-01-21;35.063786;-89.920616;38118;Yes;2
2022-01-21;35.062667;-89.929137;38118;No;354
2022-01-21;35.062985;-89.928376;38118;No;354
2022-01-21;35.053613;-89.94017;38118;Yes;240
2022-01-21;35.062371;-89.928389;38118;No;354
2022-01-21;35.06177;-89.929243;38118;No;354
2022-01-21;35.062135;-89.929532;38118;No;354
2022-01-24;35.042489;-89.893542;38118;No;5
2022-01-24;35.023059;-89.957611;38118;Yes;199
2022-01-24;35.043513;-89.945637;38118;Yes;3
2022-01-24;35.054778;-89.913559;38118;Yes;2
2022-01-25;35.052709;-89.908395;38118;Yes;334
2022-01-25;35.05227;-89.909208;38118;No;334
2022-01-25;35.052086;-89.908718;38118;No;334
2022-01-25;35.052586;-89.908781;38118;No;334
2022-01-25;35.055851;-89.919435;38118;Yes;4
2022-01-25;35.052963;-89.909453;38118;No;334
2022-01-25;35.061748;-89.916926;38118;Yes;354
2022-01-25;35.052951;-89.908602;38118;No;334
2022-01-25;35.052744;-89.909881;38118;No;334
2022-01-25;35.052709;-89.908395;38118;No;334
2022-01-25;35.061748;-89.916926;38118;No;354
2022-01-25;35.070845;-89.9317;38118;No;1
2022-01-25;35.061224;-89.91695;38118;No;354
2022-01-25;35.052269;-89.909848;38118;No;334
2022-01-25;35.052963;-89.909453;38118;No;334
2022-01-25;35.052952;-89.908785;38118;Yes;334
2022-01-25;35.061397;-89.916942;38118;Yes;354
2022-01-25;35.05217;-89.908443;38118;Yes;334
2022-01-25;35.011396;-89.948611;38118;No;2
2022-01-25;35.052586;-89.908781;38118;Yes;334
2022-01-25;35.052586;-89.908781;38118;No;334
2022-01-26;35.062069;-89.903053;38118;Yes;1
2022-01-26;35.052144;-89.911046;38118;Yes;130
2022-01-26;35.05267;-89.911868;38118;No;130
2022-01-26;35.069847;-89.928434;38118;No;3
2022-01-26;35.052717;-89.912179;38118;Yes;130
2022-01-27;35.043537;-89.892335;38118;No;8
2022-01-27;35.070853;-89.90015;38118;No;4
2022-01-28;35.062335;-89.926797;38118;No;12
2022-01-28;35.055635;-89.92258;38118;No;635
2022-01-28;35.065035;-89.927132;38118;No;2
2022-01-28;35.052653;-89.922227;38118;No;635
2022-01-28;35.05028;-89.900939;38118;Yes;4
2022-01-28;35.060776;-89.92923;38118;Yes;2
2022-01-28;35.056568;-89.922731;38118;Yes;25
2022-01-28;35.069265;-89.924417;38118;Yes;2
2022-01-28;35.052518;-89.922695;38118;Yes;635
2022-01-31;35.015629;-89.946792;38118;No;1
2022-01-31;35.059859;-89.902831;38118;No;3
2022-01-31;35.06279;-89.894498;38118;No;5
2022-01-31;35.044131;-89.898999;38118;No;1
2022-02-01;35.056841;-89.919195;38118;Yes;3
2022-02-01;35.062985;-89.928376;38118;No;354
2022-02-01;35.062135;-89.929532;38118;No;354
2022-02-01;35.06177;-89.929243;38118;No;354
2022-02-01;35.062371;-89.928389;38118;No;354
2022-02-01;35.062667;-89.929137;38118;No;354
2022-02-01;35.06903;-89.947063;38118;Yes;1
2022-02-01;35.062667;-89.929137;38118;No;354
2022-02-01;35.059615;-89.922778;38118;Yes;4
2022-02-02;35.064951;-89.89241;38118;No;1
2022-02-02;35.053252;-89.900935;38118;No;3
2022-02-02;35.056321;-89.902315;38118;No;3
2022-02-03;35.046344;-89.899779;38118;No;6
2022-02-07;35.055591;-89.897936;38118;No;6
2022-02-07;35.028366;-89.945083;38118;Yes;1
2022-02-07;35.021929;-89.950686;38118;Yes;4
2022-02-07;35.05495;-89.906134;38118;No;2
2022-02-07;35.05173;-89.916703;38118;No;603
2022-02-08;35.017037;-89.949646;38118;Yes;5
2022-02-09;35.065767;-89.894492;38118;No;3
2022-02-09;35.047104;-89.919944;38118;Yes;314
2022-02-09;35.02495;-89.947182;38118;Yes;4
2022-02-09;35.053482;-89.916731;38118;Yes;603
2022-02-09;35.059624;-89.907013;38118;Yes;1
2022-02-11;35.02627;-89.950636;38118;No;12
2022-02-11;35.0469;-89.901343;38118;No;126
2022-02-11;35.061224;-89.91695;38118;No;354
2022-02-11;35.067157;-89.902395;38118;Yes;3
2022-02-11;35.053954;-89.917946;38118;Yes;603
2022-02-11;35.061397;-89.916942;38118;Yes;354
2022-02-11;35.061224;-89.91695;38118;No;354
2022-02-11;35.047593;-89.901349;38118;No;126
2022-02-11;35.048435;-89.90128;38118;Yes;15
2022-02-11;35.060885;-89.917048;38118;No;354
2022-02-11;35.047593;-89.901349;38118;No;126
2022-02-14;35.069981;-89.932983;38118;No;992
2022-02-14;35.053687;-89.91743;38118;Yes;603
2022-02-14;35.06985;-89.933691;38118;No;992
2022-02-14;35.070163;-89.934373;38118;Yes;992
2022-02-14;35.028574;-89.957229;38118;Yes;197
2022-02-14;35.070163;-89.934373;38118;Yes;992
2022-02-14;35.071095;-89.934024;38118;No;992
2022-02-14;35.028235;-89.957104;38118;Yes;197
2022-02-14;35.053687;-89.91743;38118;Yes;603
2022-02-14;35.071121;-89.933563;38118;Yes;992
2022-02-14;35.029927;-89.957595;38118;No;197
2022-02-14;35.070803;-89.934255;38118;No;992
2022-02-14;35.053954;-89.917946;38118;Yes;603
2022-02-14;35.06832;-89.934197;38118;Yes;992
2022-02-14;35.071514;-89.934015;38118;No;992
2022-02-14;35.069215;-89.934329;38118;No;992
2022-02-14;35.053563;-89.917206;38118;Yes;603
2022-02-14;35.069615;-89.933208;38118;Yes;992
2022-02-14;35.070984;-89.934611;38118;No;992
2022-02-14;35.071309;-89.934486;38118;No;992
2022-02-14;35.071494;-89.934676;38118;Yes;992
2022-02-14;35.071307;-89.934242;38118;No;992
2022-02-14;35.070304;-89.934728;38118;No;992
2022-02-14;35.053482;-89.916731;38118;Yes;603
2022-02-14;35.053954;-89.917946;38118;Yes;603
2022-02-15;35.064819;-89.914741;38118;No;1
2022-02-16;35.045896;-89.963308;38118;Yes;1
2022-02-16;35.052088;-89.918197;38118;Yes;603
2022-02-16;35.053954;-89.917946;38118;Yes;603
2022-02-16;35.051892;-89.917152;38118;No;603
2022-02-16;35.051422;-89.889845;38118;No;1
2022-02-16;35.020211;-89.942681;38118;Yes;2
2022-02-17;35.058581;-89.929807;38118;Yes;1071
2022-02-17;35.057474;-89.929029;38118;Yes;1071
2022-02-17;35.057842;-89.926703;38118;Yes;1071
2022-02-17;35.057426;-89.928141;38118;Yes;1071
2022-02-17;35.057474;-89.929029;38118;Yes;1071
2022-02-17;35.058333;-89.927711;38118;No;1071
2022-02-17;35.070167;-89.909564;38118;No;564
2022-02-17;35.059588;-89.92988;38118;No;1071
2022-02-17;35.070233;-89.908646;38118;No;564
2022-02-17;35.058581;-89.929807;38118;No;1071
2022-02-17;35.071866;-89.906626;38118;No;564
2022-02-17;35.057842;-89.926703;38118;No;1071
2022-02-17;35.058581;-89.929807;38118;Yes;1071
2022-02-18;35.071283;-89.932883;38118;No;992
2022-02-18;35.05253;-89.899138;38118;Yes;278
2022-02-18;35.051557;-89.899164;38118;No;278
2022-02-18;35.075439;-89.933862;38118;Yes;22
2022-02-18;35.070803;-89.934255;38118;No;992
2022-02-18;35.069976;-89.934016;38118;No;992
2022-02-18;35.054943;-89.912107;38118;Yes;6
2022-02-18;35.05326;-89.922663;38118;Yes;635
2022-02-18;35.07039;-89.934481;38118;Yes;992
2022-02-21;35.049733;-89.902341;38118;No;1040
2022-02-21;35.050661;-89.902828;38118;Yes;1040
2022-02-21;35.048511;-89.902749;38118;No;1040
2022-02-21;35.048511;-89.902749;38118;Yes;1040
2022-02-21;35.050661;-89.902828;38118;Yes;1040
2022-02-21;35.050022;-89.903168;38118;Yes;1040
2022-02-21;35.06544;-89.92238;38118;No;4
2022-02-21;35.048295;-89.902447;38118;Yes;1040
2022-02-21;35.048304;-89.904149;38118;Yes;1040
2022-02-21;35.048311;-89.903275;38118;Yes;1040
2022-02-21;35.034398;-89.941892;38118;Yes;1
2022-02-22;35.05306;-89.916877;38118;No;603
2022-02-22;35.049487;-89.920124;38118;No;314
2022-02-22;35.050544;-89.955897;38118;Yes;2
2022-02-22;35.046784;-89.919068;38118;Yes;314
2022-02-22;35.064466;-89.889401;38118;Yes;4
2022-02-22;35.051766;-89.917788;38118;Yes;603
2022-02-22;35.053225;-89.917945;38118;Yes;603
2022-02-22;35.05306;-89.916877;38118;Yes;603
2022-02-22;35.050669;-89.919152;38118;No;314
2022-02-22;35.05306;-89.916877;38118;Yes;603
2022-02-22;35.053687;-89.91743;38118;Yes;603
2022-02-22;35.052548;-89.917119;38118;Yes;603
2022-02-22;35.054094;-89.918199;38118;Yes;603
2022-02-22;35.051892;-89.917152;38118;No;603
2022-02-22;35.053954;-89.917946;38118;No;603
2022-02-22;35.047104;-89.919944;38118;No;314
2022-02-22;35.053687;-89.91743;38118;Yes;603
2022-02-22;35.049521;-89.921293;38118;No;314
2022-02-22;35.048669;-89.919903;38118;Yes;314
2022-02-22;35.05306;-89.916877;38118;Yes;603
2022-02-22;35.054094;-89.918199;38118;Yes;603
2022-02-22;35.048027;-89.919949;38118;No;314
2022-02-22;35.053687;-89.91743;38118;Yes;603
2022-02-22;35.049501;-89.918904;38118;No;314
2022-02-22;35.04739;-89.919715;38118;Yes;314
2022-02-22;35.053225;-89.917945;38118;Yes;603
2022-02-22;35.054094;-89.918199;38118;Yes;603
2022-02-22;35.053482;-89.916731;38118;No;603
2022-02-22;35.053954;-89.917946;38118;No;603
2022-02-22;35.026096;-89.95111;38118;Yes;3
2022-02-22;35.047171;-89.919127;38118;No;314
2022-02-22;35.051766;-89.917788;38118;Yes;603
2022-02-22;35.04914;-89.900125;38118;No;2
2022-02-22;35.05306;-89.916877;38118;Yes;603
2022-02-22;35.048569;-89.918884;38118;No;314
2022-02-22;35.05306;-89.916877;38118;Yes;603
2022-02-22;35.053225;-89.917945;38118;Yes;603
2022-02-23;35.037203;-89.963266;38118;Yes;4
2022-02-23;35.055203;-89.902545;38118;No;5
2022-02-24;35.0592;-89.904513;38118;Yes;1
2022-02-24;35.070185;-89.922266;38118;No;3
2022-02-28;35.061619;-89.888054;38118;Yes;97
2022-02-28;35.05253;-89.899138;38118;Yes;278
2022-02-28;35.04932;-89.956116;38118;Yes;10
2022-02-28;35.065145;-89.892314;38118;No;24
2022-02-28;35.048848;-89.961573;38118;Yes;12
2022-03-01;35.071631;-89.934344;38118;No;992
2022-03-01;35.069215;-89.934329;38118;No;992
2022-03-01;35.068924;-89.933931;38118;Yes;992
2022-03-01;35.069215;-89.934329;38118;No;992
2022-03-01;35.071631;-89.934344;38118;No;992
2022-03-01;35.05099;-89.953994;38118;Yes;376
2022-03-01;35.06832;-89.934197;38118;No;992
2022-03-01;35.071095;-89.934024;38118;Yes;992
2022-03-01;35.068691;-89.932576;38118;Yes;992
2022-03-01;35.06832;-89.934197;38118;No;992
2022-03-01;35.071184;-89.934705;38118;No;992
2022-03-01;35.06985;-89.933691;38118;No;992
2022-03-01;35.069909;-89.933203;38118;No;992
2022-03-01;35.071283;-89.932883;38118;No;992
2022-03-01;35.069215;-89.934329;38118;No;992
2022-03-01;35.071599;-89.933103;38118;Yes;992
2022-03-01;35.071494;-89.934676;38118;No;992
2022-03-01;35.055208;-89.902063;38118;No;1
2022-03-01;35.06832;-89.934197;38118;Yes;992
2022-03-01;35.050208;-89.953475;38118;No;376
2022-03-01;35.068318;-89.933049;38118;No;992
2022-03-01;35.071184;-89.934705;38118;No;992
2022-03-01;35.050508;-89.953641;38118;Yes;376
2022-03-01;35.06985;-89.933691;38118;No;992
2022-03-01;35.068421;-89.933731;38118;Yes;992
2022-03-01;35.069615;-89.933208;38118;Yes;992
2022-03-01;35.05099;-89.953994;38118;Yes;376
2022-03-01;35.06832;-89.934197;38118;Yes;992
2022-03-01;35.071522;-89.932428;38118;No;992
2022-03-01;35.070215;-89.933617;38118;No;992
2022-03-01;35.050208;-89.953475;38118;Yes;376
2022-03-01;35.06985;-89.933691;38118;No;992
2022-03-01;35.068352;-89.93451;38118;No;992
2022-03-01;35.06985;-89.933691;38118;Yes;992
2022-03-01;35.069976;-89.934016;38118;Yes;992
2022-03-01;35.069976;-89.934016;38118;Yes;992
2022-03-01;35.051016;-89.952653;38118;Yes;376
2022-03-02;35.073586;-89.928422;38118;No;1165
2022-03-02;35.074526;-89.923914;38118;Yes;1165
2022-03-02;35.073514;-89.924347;38118;No;1165
2022-03-02;35.053547;-89.912155;38118;No;107
2022-03-02;35.074534;-89.924755;38118;Yes;1165
2022-03-02;35.073091;-89.928485;38118;No;1165
2022-03-02;35.07347;-89.925338;38118;Yes;1165
2022-03-02;35.074087;-89.925787;38118;Yes;1165
2022-03-02;35.074526;-89.923914;38118;No;1165
2022-03-02;35.073386;-89.92883;38118;Yes;1165
2022-03-02;35.073283;-89.927462;38118;Yes;1165
2022-03-02;35.073306;-89.924565;38118;Yes;1165
2022-03-02;35.073547;-89.928138;38118;Yes;1165
2022-03-02;35.07304;-89.92376;38118;Yes;1165
2022-03-02;35.073386;-89.92883;38118;Yes;1165
2022-03-02;35.074526;-89.923914;38118;No;1165
2022-03-02;35.073055;-89.925696;38118;Yes;1165
2022-03-02;35.073091;-89.928485;38118;Yes;1165
2022-03-02;35.027404;-89.956321;38118;No;31
2022-03-02;35.073828;-89.924529;38118;Yes;1165
2022-03-02;35.053365;-89.913914;38118;No;107
2022-03-02;35.073585;-89.925766;38118;Yes;1165
2022-03-02;35.07325;-89.9259;38118;Yes;1165
2022-03-02;35.073441;-89.92717;38118;Yes;1165
2022-03-02;35.074338;-89.926645;38118;Yes;1165
2022-03-03;35.05028;-89.900859;38118;Yes;1
2022-03-04;35.056366;-89.917958;38118;Yes;2
2022-03-04;35.054354;-89.915848;38118;Yes;10
2022-03-04;35.021996;-89.949841;38118;Yes;6
2022-03-04;35.070907;-89.919763;38118;No;2
2022-03-04;35.067877;-89.887791;38118;Yes;2
2022-03-04;35.063325;-89.922364;38118;No;5
2022-03-07;35.054804;-89.921901;38118;No;635
2022-03-07;35.062667;-89.929137;38118;No;354
2022-03-07;35.06177;-89.929243;38118;No;354
2022-03-07;35.052518;-89.922695;38118;Yes;635
2022-03-07;35.056053;-89.919416;38118;No;3
2022-03-07;35.05326;-89.922663;38118;Yes;635
2022-03-07;35.06298;-89.928764;38118;No;354
2022-03-07;35.062667;-89.929137;38118;No;354
2022-03-07;35.062985;-89.928376;38118;No;354
2022-03-07;35.062135;-89.929532;38118;No;354
2022-03-08;35.055635;-89.92258;38118;No;635
2022-03-08;35.05326;-89.922663;38118;No;635
2022-03-09;35.06985;-89.933691;38118;Yes;992
2022-03-09;35.068825;-89.934395;38118;No;992
2022-03-09;35.069803;-89.934645;38118;No;992
2022-03-09;35.070803;-89.934255;38118;No;992
2022-03-09;35.068924;-89.933931;38118;No;992
2022-03-09;35.07103;-89.933876;38118;Yes;992
2022-03-09;35.068206;-89.932599;38118;Yes;992
2022-03-09;35.06832;-89.934197;38118;No;992
2022-03-09;35.069843;-89.933685;38118;Yes;992
2022-03-09;35.069482;-89.933;38118;Yes;992
2022-03-09;35.068206;-89.932599;38118;Yes;992
2022-03-10;35.068969;-89.932786;38118;No;992
2022-03-10;35.06832;-89.934197;38118;Yes;992
2022-03-11;35.053339;-89.904759;38118;Yes;3
2022-03-14;35.073283;-89.927462;38118;No;1165
2022-03-14;35.064228;-89.919778;38118;Yes;1
2022-03-15;35.070233;-89.908646;38118;Yes;564
2022-03-15;35.07144;-89.909555;38118;Yes;564
2022-03-15;35.070208;-89.907497;38118;Yes;564
2022-03-15;35.05253;-89.899138;38118;Yes;278
2022-03-16;35.055177;-89.913101;38118;No;1
2022-03-16;35.010806;-89.960378;38118;No;2
2022-03-16;35.052775;-89.897261;38118;No;278
2022-03-16;35.051187;-89.898415;38118;No;278
2022-03-17;35.06019;-89.905484;38118;No;1
2022-03-17;35.065426;-89.926272;38118;No;3
2022-03-17;35.001814;-89.957581;38118;No;6
2022-03-18;35.060226;-89.927815;38118;Yes;7
2022-03-18;35.059421;-89.909718;38118;Yes;1
2022-03-21;35.073586;-89.928422;38118;Yes;1165
2022-03-21;35.074526;-89.923914;38118;No;1165
2022-03-21;35.073494;-89.923974;38118;Yes;1165
2022-03-21;35.073283;-89.927462;38118;No;1165
2022-03-21;35.073828;-89.924529;38118;Yes;1165
2022-03-21;35.074087;-89.925787;38118;No;1165
2022-03-21;35.074531;-89.924467;38118;No;1165
2022-03-21;35.073903;-89.92413;38118;No;1165
2022-03-21;35.073514;-89.924347;38118;No;1165
2022-03-21;35.073288;-89.927841;38118;Yes;1165
2022-03-21;35.073091;-89.928485;38118;No;1165
2022-03-21;35.073586;-89.928422;38118;No;1165
2022-03-21;35.073903;-89.92413;38118;Yes;1165
2022-03-21;35.073586;-89.928422;38118;No;1165
2022-03-21;35.074064;-89.92823;38118;No;1165
2022-03-21;35.073386;-89.92883;38118;No;1165
2022-03-21;35.073306;-89.924565;38118;No;1165
2022-03-21;35.074128;-89.927152;38118;No;1165
2022-03-21;35.073306;-89.924565;38118;No;1165
2022-03-21;35.034696;-89.959972;38118;No;22
2022-03-21;35.073386;-89.92883;38118;No;1165
2022-03-21;35.073091;-89.928485;38118;No;1165
2022-03-21;35.074534;-89.924755;38118;No;1165
2022-03-21;35.074056;-89.927693;38118;Yes;1165
2022-03-21;35.074087;-89.925787;38118;No;1165
2022-03-21;35.074087;-89.925787;38118;Yes;1165
2022-03-21;35.074087;-89.925787;38118;Yes;1165
2022-03-21;35.070944;-89.905096;38118;No;1
2022-03-21;35.07325;-89.9259;38118;No;1165
2022-03-21;35.074128;-89.927152;38118;No;1165
2022-03-21;35.073585;-89.925766;38118;No;1165
2022-03-21;35.074087;-89.925787;38118;No;1165
2022-03-21;35.073306;-89.924565;38118;Yes;1165
2022-03-22;35.056335;-89.888878;38118;No;5
2022-03-23;35.07152;-89.900945;38118;Yes;1
2022-03-23;35.059899;-89.926155;38118;No;6
2022-03-23;35.032965;-89.960989;38118;No;2
2022-03-23;35.055045;-89.916492;38118;No;1
2022-03-23;35.045312;-89.963313;38118;Yes;7
2022-03-23;35.050502;-89.918841;38118;Yes;314
2022-03-23;35.066306;-89.914631;38118;Yes;3
2022-03-23;35.049501;-89.918904;38118;Yes;314
2022-03-23;35.054825;-89.91036;38118;Yes;2
2022-03-24;35.058326;-89.888452;38118;No;5
2022-03-24;35.048304;-89.904149;38118;Yes;1040
2022-03-24;35.047453;-89.90436;38118;Yes;1040
2022-03-24;35.067407;-89.932593;38118;No;193
2022-03-24;35.049155;-89.902951;38118;Yes;1040
2022-03-24;35.049155;-89.902951;38118;Yes;1040
2022-03-24;35.048311;-89.903275;38118;Yes;1040
2022-03-24;35.051214;-89.953584;38118;Yes;376
2022-03-24;35.048295;-89.902447;38118;No;1040
2022-03-24;35.048099;-89.903798;38118;Yes;1040
2022-03-24;35.06725;-89.933568;38118;Yes;193
2022-03-24;35.049155;-89.902951;38118;Yes;1040
2022-03-24;35.066938;-89.933429;38118;No;193
2022-03-28;35.033291;-89.926544;38118;No;1
2022-03-28;35.067357;-89.933923;38118;Yes;193
2022-03-29;35.055342;-89.927032;38118;No;65
2022-03-29;35.055342;-89.927032;38118;Yes;65
2022-03-30;35.051892;-89.917152;38118;No;603
2022-03-30;35.05173;-89.916703;38118;Yes;603
2022-03-30;35.05173;-89.916703;38118;Yes;603
2022-03-30;35.052088;-89.918197;38118;Yes;603
2022-03-30;35.065833;-89.922572;38118;No;5
2022-03-30;35.05173;-89.916703;38118;No;603
2022-03-30;35.056335;-89.888878;38118;No;5
2022-03-30;35.05173;-89.916703;38118;No;603
2022-03-30;35.052432;-89.916675;38118;Yes;603
2022-03-30;35.05173;-89.916703;38118;Yes;603
2022-03-31;35.053396;-89.9222;38118;No;635
2022-03-31;35.054136;-89.922173;38118;Yes;635
2022-04-01;35.048552;-89.920916;38118;No;314
2022-04-01;35.047986;-89.919106;38118;No;314
2022-04-01;35.048706;-89.919919;38118;Yes;314
2022-04-01;35.052548;-89.917119;38118;Yes;603
2022-04-01;35.061046;-89.91704;38118;No;354
2022-04-01;35.062146;-89.916178;38118;No;354
2022-04-01;35.061397;-89.916942;38118;Yes;354
2022-04-01;35.06167;-89.916294;38118;No;354
2022-04-05;35.056837;-89.918416;38118;No;6
2022-04-05;35.059899;-89.926155;38118;Yes;6
2022-04-05;35.026779;-89.947493;38118;Yes;5
2022-04-05;35.053055;-89.923159;38118;No;635
2022-04-05;35.025946;-89.951057;38118;Yes;5
2022-04-05;35.044075;-89.940925;38118;Yes;3
2022-04-05;35.05326;-89.922663;38118;Yes;635
2022-04-06;35.058841;-89.92878;38118;Yes;1071
2022-04-06;35.047171;-89.919127;38118;No;314
2022-04-06;35.057675;-89.929512;38118;Yes;1071
2022-04-06;35.049521;-89.921293;38118;No;314
2022-04-06;35.057848;-89.927536;38118;No;1071
2022-04-06;35.049501;-89.918904;38118;No;314
2022-04-06;35.046784;-89.919068;38118;Yes;314
2022-04-06;35.057739;-89.930398;38118;Yes;1071
2022-04-06;35.04739;-89.919715;38118;Yes;314
2022-04-06;35.048027;-89.919949;38118;No;314
2022-04-06;35.047104;-89.919944;38118;No;314
2022-04-06;35.06645;-89.906637;38118;Yes;2
2022-04-06;35.048569;-89.918884;38118;No;314
2022-04-06;35.059464;-89.929424;38118;Yes;1071
2022-04-06;35.057675;-89.929512;38118;No;1071
2022-04-06;35.048669;-89.919903;38118;Yes;314
2022-04-06;35.049487;-89.920124;38118;No;314
2022-04-07;35.070984;-89.934611;38118;Yes;992
2022-04-07;35.070304;-89.934728;38118;Yes;992
2022-04-07;35.069981;-89.932983;38118;Yes;992
2022-04-07;35.07083;-89.933802;38118;Yes;992
2022-04-07;35.071631;-89.934344;38118;No;992
2022-04-07;35.068825;-89.934395;38118;No;992
2022-04-07;35.069334;-89.93338;38118;Yes;992
2022-04-07;35.071095;-89.934024;38118;No;992
2022-04-07;35.069803;-89.934645;38118;No;992
2022-04-07;35.06832;-89.934197;38118;Yes;992
2022-04-07;35.068994;-89.934722;38118;Yes;992
2022-04-08;35.072767;-89.945023;38118;No;1
2022-04-08;35.028243;-89.957596;38118;Yes;197
2022-04-08;35.011369;-89.949257;38118;No;1
2022-04-08;35.029295;-89.957165;38118;Yes;197
2022-04-08;35.029612;-89.95763;38118;Yes;197
2022-04-08;35.058179;-89.927951;38118;No;1071
2022-04-08;35.029916;-89.95673;38118;Yes;197
2022-04-11;35.058766;-89.913563;38118;Yes;1
2022-04-11;35.011449;-89.963931;38118;No;5
2022-04-13;35.050461;-89.90078;38118;Yes;3
2022-04-13;35.060273;-89.928825;38118;Yes;18
2022-04-13;35.060273;-89.928825;38118;Yes;18
2022-04-13;35.047506;-89.960639;38118;No;3
2022-04-14;35.070167;-89.909564;38118;Yes;564
2022-04-14;35.070219;-89.908066;38118;Yes;564
2022-04-14;35.070312;-89.909562;38118;Yes;564
2022-04-18;35.027249;-89.947901;38118;No;2
2022-04-18;35.052088;-89.918197;38118;Yes;603
2022-04-18;35.067959;-89.905135;38118;Yes;3
2022-04-18;35.050096;-89.91885;38118;No;314
2022-04-18;35.052598;-89.909475;38118;No;334
2022-04-20;35.057081;-89.913994;38118;No;3
2022-04-21;35.061118;-89.888332;38118;No;97
2022-04-22;35.070304;-89.934728;38118;Yes;992
2022-04-22;35.068206;-89.932599;38118;Yes;992
2022-04-22;35.07083;-89.933802;38118;No;992
2022-04-22;35.055679;-89.886843;38118;No;6
2022-04-22;35.070163;-89.934373;38118;Yes;992
2022-04-22;35.061118;-89.888332;38118;Yes;97
2022-04-22;35.043493;-89.943801;38118;No;2
2022-04-22;35.043493;-89.943801;38118;Yes;2
2022-04-22;35.047786;-89.920612;38118;Yes;314
2022-04-22;35.069976;-89.934016;38118;No;992
2022-04-22;35.069795;-89.933659;38118;Yes;992
2022-04-22;35.071494;-89.934676;38118;Yes;992
2022-04-25;35.026694;-89.956986;38118;No;199
2022-04-25;35.02247;-89.959953;38118;No;199
2022-04-25;35.023816;-89.957582;38118;No;199
2022-04-27;35.06832;-89.934197;38118;Yes;992
2022-04-27;35.057366;-89.906785;38118;No;2
2022-04-27;35.06832;-89.934197;38118;No;992
2022-04-27;35.02402;-89.951023;38118;No;3
2022-04-27;35.071522;-89.932428;38118;No;992
2022-04-27;35.071385;-89.933785;38118;Yes;992
2022-04-27;35.071514;-89.934015;38118;Yes;992
2022-04-27;35.06985;-89.933691;38118;No;992
2022-04-27;35.030502;-89.945089;38118;Yes;1
2022-04-28;35.047763;-89.955804;38118;Yes;4
2022-04-28;35.056414;-89.913998;38118;Yes;2
2022-04-28;35.052548;-89.917119;38118;No;603
2022-04-28;35.061897;-89.928127;38118;Yes;4
2022-04-28;35.053954;-89.917946;38118;Yes;603
2022-04-28;35.045312;-89.963313;38118;No;7
2022-04-28;35.045073;-89.957791;38118;Yes;1
2022-04-29;35.067398;-89.934239;38118;No;193
2022-04-29;35.0447;-89.957385;38118;No;3
2022-04-30;35.052088;-89.918197;38118;Yes;603
2022-05-02;35.061619;-89.888054;38118;Yes;97
2022-05-02;35.061118;-89.888332;38118;Yes;97
2022-05-03;35.041172;-89.962719;38118;No;5
2022-05-03;35.053445;-89.910119;38118;Yes;9
2022-05-03;35.054136;-89.922173;38118;No;635
2022-05-03;35.055635;-89.92258;38118;Yes;635
2022-05-03;35.069976;-89.934016;38118;No;992
2022-05-03;35.069843;-89.933685;38118;Yes;992
2022-05-03;35.07039;-89.934481;38118;No;992
2022-05-03;35.071494;-89.934676;38118;No;992
2022-05-03;35.052711;-89.892668;38118;No;2
2022-05-03;35.068685;-89.933019;38118;Yes;992
2022-05-03;35.070218;-89.933178;38118;Yes;992
2022-05-03;35.068969;-89.932786;38118;Yes;992
2022-05-03;35.069803;-89.934645;38118;Yes;992
2022-05-03;35.010114;-89.959288;38118;Yes;4
2022-05-03;35.056094;-89.922667;38118;Yes;635
2022-05-03;35.048791;-89.958106;38118;Yes;1
2022-05-03;35.050802;-89.959289;38118;No;4
2022-05-03;35.010582;-89.961434;38118;Yes;7
2022-05-03;35.068624;-89.934738;38118;Yes;992
2022-05-03;35.069435;-89.933682;38118;No;992
2022-05-03;35.070163;-89.934373;38118;Yes;992
2022-05-03;35.071121;-89.933563;38118;No;992
2022-05-03;35.069215;-89.934329;38118;No;992
2022-05-03;35.068685;-89.933019;38118;No;992
2022-05-03;35.071599;-89.933103;38118;No;992
2022-05-03;35.057137;-89.902558;38118;Yes;7
2022-05-03;35.052518;-89.922695;38118;No;635
2022-05-03;35.021996;-89.949841;38118;No;6
2022-05-03;35.052072;-89.957915;38118;No;6
2022-05-03;35.041172;-89.962719;38118;No;5
2022-05-03;35.068691;-89.932576;38118;No;992
2022-05-03;35.06832;-89.934197;38118;No;992
2022-05-03;35.071283;-89.932883;38118;No;992
2022-05-03;35.013879;-89.952168;38118;Yes;2
2022-05-03;35.071599;-89.933103;38118;No;992
2022-05-03;35.071121;-89.933563;38118;No;992
2022-05-03;35.068969;-89.932786;38118;Yes;992
2022-05-03;35.070163;-89.934373;38118;No;992
2022-05-03;35.069795;-89.933659;38118;No;992
2022-05-03;35.068624;-89.934738;38118;Yes;992
2022-05-03;35.066623;-89.905182;38118;Yes;1
2022-05-03;35.069482;-89.933;38118;No;992
2022-05-03;35.013267;-89.958646;38118;No;5
2022-05-03;35.003477;-89.957381;38118;Yes;3
2022-05-03;35.047271;-89.900344;38118;Yes;2
2022-05-03;35.069482;-89.933;38118;No;992
2022-05-03;35.070218;-89.933178;38118;No;992
2022-05-03;35.056568;-89.922731;38118;Yes;25
2022-05-03;35.071542;-89.903522;38118;Yes;6
2022-05-03;35.063847;-89.912945;38118;Yes;2
2022-05-03;35.067799;-89.933056;38118;No;992
2022-05-03;35.065948;-89.912472;38118;Yes;3
2022-05-03;35.069435;-89.933682;38118;Yes;992
2022-05-03;35.069215;-89.934329;38118;Yes;992
2022-05-03;35.069981;-89.932983;38118;No;992
2022-05-03;35.071599;-89.933103;38118;No;992
2022-05-04;35.053726;-89.935628;38118;No;2
2022-05-04;35.052649;-89.916664;38118;No;603
2022-05-04;35.059169;-89.89911;38118;Yes;6
2022-05-05;35.072491;-89.895838;38118;Yes;8
2022-05-06;35.048295;-89.903062;38118;Yes;1040
2022-05-06;35.047276;-89.9029;38118;Yes;1040
2022-05-06;35.048295;-89.903062;38118;Yes;1040
2022-05-06;35.048304;-89.904149;38118;Yes;1040
2022-05-06;35.049423;-89.902507;38118;Yes;1040
2022-05-06;35.047276;-89.9029;38118;Yes;1040
2022-05-06;35.047276;-89.9029;38118;Yes;1040
2022-05-06;35.047735;-89.903401;38118;Yes;1040
2022-05-09;35.017124;-89.950903;38118;Yes;4
2022-05-09;35.014902;-89.945935;38118;Yes;3
2022-05-09;35.02627;-89.950636;38118;Yes;12
2022-05-09;35.01148;-89.959622;38118;Yes;1
2022-05-09;35.062294;-89.889774;38118;Yes;1
2022-05-10;35.070196;-89.906887;38118;Yes;564
2022-05-10;35.0707;-89.90731;38118;Yes;564
2022-05-10;35.071288;-89.909555;38118;No;564
2022-05-10;35.07159;-89.907784;38118;Yes;564
2022-05-10;35.07021;-89.907681;38118;No;564
2022-05-10;35.070167;-89.909564;38118;Yes;564
2022-05-10;35.02511;-89.950182;38118;No;1
2022-05-10;35.071738;-89.908849;38118;Yes;564
2022-05-10;35.071616;-89.909554;38118;Yes;564
2022-05-11;35.0661;-89.918356;38118;No;6
2022-05-11;35.068692;-89.911136;38118;Yes;4
2022-05-11;35.027431;-89.949328;38118;Yes;3
2022-05-11;35.068268;-89.900262;38118;Yes;6
2022-05-11;35.072704;-89.942711;38118;No;1
2022-05-12;35.051524;-89.912129;38118;Yes;130
2022-05-12;35.023248;-89.947984;38118;Yes;5
2022-05-12;35.01945;-89.943405;38118;Yes;1
2022-05-13;35.061152;-89.92717;38118;Yes;3
2022-05-13;35.04832;-89.958179;38118;No;3
2022-05-16;35.059899;-89.926155;38118;Yes;6
2022-05-17;35.011897;-89.96151;38118;Yes;2
2022-05-17;35.026253;-89.949533;38118;Yes;4
2022-05-18;35.034696;-89.959972;38118;Yes;22
2022-05-19;35.027483;-89.947241;38118;Yes;2
2022-05-19;35.054008;-89.935602;38118;No;1
2022-05-20;35.043496;-89.94404;38118;No;5
2022-05-20;35.063264;-89.896565;38118;Yes;5
2022-05-24;35.051214;-89.953584;38118;No;376
2022-05-24;35.050806;-89.95317;38118;No;376
2022-05-24;35.050806;-89.95317;38118;Yes;376
2022-05-24;35.051163;-89.953007;38118;No;376
2022-05-24;35.050508;-89.953641;38118;Yes;376
2022-05-24;35.019214;-89.943791;38118;Yes;46
2022-05-25;35.051428;-89.962719;38118;No;2
2022-05-25;35.066277;-89.91521;38118;No;2
2022-05-25;35.063631;-89.915811;38118;Yes;1
2022-05-25;35.020003;-89.951525;38118;Yes;2
2022-05-25;35.012193;-89.950157;38118;Yes;3
2022-05-25;35.026994;-89.950287;38118;Yes;5
2022-05-25;35.059654;-89.9011;38118;Yes;5
2022-05-27;35.04832;-89.958179;38118;Yes;3
2022-05-31;35.012845;-89.94825;38118;Yes;2
2022-05-31;35.053852;-89.912966;38118;Yes;107
2022-05-31;35.044685;-89.948549;38118;Yes;3
2022-05-31;35.073569;-89.942402;38118;Yes;3
2022-05-31;35.028233;-89.956869;38118;No;197
2022-05-31;35.046897;-89.896777;38118;Yes;2
2022-05-31;35.054527;-89.896007;38118;Yes;7
2022-05-31;35.028235;-89.957104;38118;No;197
2022-05-31;35.028243;-89.957596;38118;Yes;197
2022-05-31;35.058841;-89.92878;38118;No;1071
2022-05-31;35.057907;-89.913079;38118;Yes;2
2022-05-31;35.029612;-89.95763;38118;Yes;197
2022-05-31;35.057426;-89.928141;38118;Yes;1071
2022-05-31;35.028527;-89.956765;38118;No;197
2022-05-31;35.053783;-89.915202;38118;Yes;107
2022-06-01;35.052871;-89.917743;38118;Yes;603
2022-06-01;35.052649;-89.916664;38118;Yes;603
2022-06-01;35.019608;-89.949822;38118;Yes;2
2022-06-01;35.04405;-89.941225;38118;No;2
2022-06-01;35.068812;-89.916971;38118;Yes;2
2022-06-01;35.054094;-89.918199;38118;Yes;603
2022-06-01;35.055095;-89.904133;38118;No;3
2022-06-01;35.048249;-89.959237;38118;Yes;9
2022-06-01;35.045185;-89.901287;38118;Yes;2
2022-06-01;35.012136;-89.953173;38118;No;7
2022-06-01;35.053954;-89.917946;38118;No;603
2022-06-01;35.047593;-89.901349;38118;Yes;126
2022-06-01;35.052871;-89.917743;38118;Yes;603
2022-06-01;35.026062;-89.948767;38118;No;5
2022-06-01;35.018949;-89.95266;38118;Yes;1
2022-06-01;35.067915;-89.927404;38118;No;7
2022-06-01;35.052432;-89.916675;38118;Yes;603
2022-06-01;35.054309;-89.912097;38118;No;1
2022-06-01;35.044384;-89.940343;38118;Yes;4
2022-06-01;35.053563;-89.917206;38118;Yes;603
2022-06-01;35.071916;-89.900486;38118;No;3
2022-06-01;35.01748;-89.952046;38118;No;11
2022-06-03;35.024364;-89.950335;38118;No;3
2022-06-03;35.05326;-89.922663;38118;No;635
2022-06-03;35.070151;-89.904676;38118;Yes;2
2022-06-03;35.061033;-89.9078;38118;Yes;1
2022-06-06;35.061118;-89.888332;38118;Yes;97
2022-06-06;35.053563;-89.917206;38118;No;603
2022-06-06;35.04923;-89.921382;38118;Yes;314
2022-06-06;35.04606;-89.954411;38118;Yes;1
2022-06-06;35.048706;-89.919919;38118;Yes;314
2022-06-06;35.069999;-89.913141;38118;No;1
2022-06-07;35.011858;-89.961717;38118;Yes;2
2022-06-08;35.068969;-89.932786;38118;Yes;992
2022-06-08;35.06985;-89.933691;38118;No;992
2022-06-08;35.068994;-89.934722;38118;Yes;992
2022-06-08;35.06985;-89.933691;38118;Yes;992
2022-06-08;35.070621;-89.934626;38118;Yes;992
2022-06-09;35.049118;-89.903163;38118;Yes;1040
2022-06-09;35.047163;-89.904317;38118;Yes;1040
2022-06-09;35.047735;-89.903401;38118;Yes;1040
2022-06-09;35.048277;-89.902035;38118;Yes;1040
2022-06-09;35.048304;-89.904149;38118;Yes;1040
2022-06-09;35.050022;-89.903168;38118;No;1040
2022-06-09;35.048934;-89.902031;38118;Yes;1040
2022-06-09;35.048295;-89.903062;38118;Yes;1040
2022-06-09;35.048304;-89.904149;38118;No;1040
2022-06-09;35.048311;-89.903275;38118;Yes;1040
2022-06-10;35.067958;-89.919397;38118;Yes;2
2022-06-13;35.053668;-89.896642;38118;No;3
2022-06-14;35.061553;-89.926693;38118;No;6
2022-06-14;35.070237;-89.908861;38118;No;564
2022-06-14;35.019604;-89.950426;38118;Yes;4
2022-06-14;35.068552;-89.931833;38118;No;6
2022-06-14;35.062373;-89.928779;38118;Yes;354
2022-06-14;35.070851;-89.907302;38118;Yes;564
2022-06-14;35.071367;-89.906771;38118;No;564
2022-06-14;35.070959;-89.909556;38118;Yes;564
2022-06-14;35.060436;-89.926163;38118;No;6
2022-06-14;35.063095;-89.929875;38118;No;354
2022-06-14;35.06451;-89.912926;38118;Yes;5
2022-06-14;35.056568;-89.922731;38118;Yes;25
2022-06-14;35.062985;-89.928376;38118;No;354
2022-06-14;35.070692;-89.906785;38118;Yes;564
2022-06-14;35.054808;-89.922553;38118;No;635
2022-06-14;35.062985;-89.928376;38118;No;354
2022-06-14;35.070871;-89.908924;38118;Yes;564
2022-06-14;35.043496;-89.94404;38118;Yes;5
2022-06-14;35.049826;-89.903756;38118;No;3
2022-06-14;35.019604;-89.950426;38118;No;4
2022-06-14;35.06177;-89.929243;38118;No;354
2022-06-14;35.071285;-89.90892;38118;Yes;564
2022-06-14;35.053548;-89.922653;38118;Yes;635
2022-06-15;35.068825;-89.934395;38118;Yes;992
2022-06-15;35.07083;-89.933802;38118;No;992
2022-06-15;35.068994;-89.934722;38118;No;992
2022-06-15;35.071307;-89.934242;38118;Yes;992
2022-06-15;35.069215;-89.934329;38118;Yes;992
2022-06-15;35.069215;-89.934329;38118;Yes;992
2022-06-15;35.068624;-89.934738;38118;No;992
2022-06-15;35.056053;-89.919416;38118;No;3
2022-06-15;35.050316;-89.903651;38118;Yes;1
2022-06-15;35.011075;-89.963462;38118;Yes;6
2022-06-16;35.057842;-89.926703;38118;Yes;1071
2022-06-16;35.060306;-89.926721;38118;No;7
2022-06-16;35.057739;-89.930398;38118;Yes;1071
2022-06-16;35.058502;-89.928875;38118;Yes;1071
2022-06-16;35.058841;-89.92878;38118;Yes;1071
2022-06-16;35.051185;-89.958709;38118;No;1
2022-06-16;35.058682;-89.927631;38118;No;1071
2022-06-16;35.057739;-89.930398;38118;Yes;1071
2022-06-16;35.069843;-89.933685;38118;No;992
2022-06-16;35.057842;-89.926703;38118;Yes;1071
2022-06-17;35.061675;-89.916495;38118;Yes;354
2022-06-17;35.053726;-89.935628;38118;Yes;2
2022-06-21;35.053176;-89.925438;38118;Yes;214
2022-06-21;35.053897;-89.939675;38118;Yes;240
2022-06-21;35.053192;-89.939595;38118;Yes;240
2022-06-21;35.068866;-89.919078;38118;Yes;1
2022-06-21;35.052151;-89.92496;38118;Yes;214
2022-06-21;35.064731;-89.90168;38118;Yes;5
2022-06-22;35.048435;-89.90128;38118;No;15
2022-06-22;35.060781;-89.924058;38118;Yes;2
2022-06-22;35.066062;-89.912456;38118;Yes;3
2022-06-22;35.050502;-89.918841;38118;Yes;314
2022-06-22;35.046784;-89.919068;38118;No;314
2022-06-22;35.049342;-89.919123;38118;Yes;314
2022-06-22;35.047248;-89.901417;38118;No;126
2022-06-22;35.056205;-89.906221;38118;Yes;2
2022-06-22;35.050502;-89.918841;38118;Yes;314
2022-06-22;35.047104;-89.919944;38118;No;314
2022-06-22;35.047171;-89.919127;38118;Yes;314
2022-06-22;35.049955;-89.919194;38118;Yes;314
2022-06-22;35.032879;-89.958027;38118;No;3
2022-06-22;35.046628;-89.919356;38118;Yes;314
2022-06-22;35.04739;-89.919715;38118;Yes;314
2022-06-22;35.035733;-89.94138;38118;Yes;1
2022-06-22;35.048569;-89.918884;38118;No;314
2022-06-22;35.04923;-89.921382;38118;Yes;314
2022-06-22;35.048754;-89.919128;38118;Yes;314
2022-06-22;35.047215;-89.919454;38118;Yes;314
2022-06-22;35.017985;-89.950537;38118;Yes;1
2022-06-22;35.047104;-89.919944;38118;Yes;314
2022-06-22;35.049765;-89.919975;38118;No;314
2022-06-22;35.058631;-89.924225;38118;Yes;2
2022-06-22;35.047248;-89.901417;38118;No;126
2022-06-22;35.04804;-89.957069;38118;Yes;1
2022-06-22;35.048706;-89.919919;38118;No;314
2022-06-22;35.047986;-89.919106;38118;No;314
2022-06-22;35.050096;-89.91885;38118;Yes;314
2022-06-22;35.050291;-89.91914;38118;Yes;314
2022-06-22;35.04979;-89.919024;38118;No;314
2022-06-23;35.052653;-89.922227;38118;Yes;635
2022-06-23;35.054291;-89.922624;38118;Yes;635
2022-06-23;35.024747;-89.95699;38118;Yes;199
2022-06-23;35.026518;-89.950646;38118;Yes;6
2022-06-23;35.053595;-89.939578;38118;Yes;240
2022-06-23;35.053468;-89.936636;38118;No;3
2022-06-24;35.053468;-89.936636;38118;No;3
2022-06-27;35.027302;-89.949719;38118;Yes;5
2022-06-27;35.026779;-89.947493;38118;No;5
2022-06-28;35.02669;-89.948391;38118;No;3
2022-06-28;35.0195;-89.945146;38118;Yes;46
2022-06-28;35.060954;-89.892607;38118;No;5
2022-06-28;35.047448;-89.957742;38118;No;3
2022-06-28;35.06716;-89.908331;38118;Yes;6
2022-06-28;35.067407;-89.932593;38118;Yes;193
2022-06-28;35.066938;-89.933429;38118;Yes;193
2022-06-28;35.067552;-89.933369;38118;Yes;193
2022-06-28;35.072611;-89.923021;38118;Yes;2
2022-06-28;35.066999;-89.934631;38118;Yes;193
2022-06-28;35.067398;-89.934239;38118;Yes;193
2022-06-29;35.049155;-89.902951;38118;No;1040
2022-06-29;35.052432;-89.916675;38118;Yes;603
2022-06-29;35.038195;-89.962107;38118;Yes;1
2022-06-29;35.068056;-89.93362;38118;Yes;992
2022-06-29;35.053225;-89.917945;38118;No;603
2022-06-29;35.052432;-89.916675;38118;Yes;603
2022-06-29;35.048311;-89.903275;38118;No;1040
2022-06-29;35.071631;-89.934344;38118;Yes;992
2022-06-29;35.011056;-89.954211;38118;Yes;5
2022-06-29;35.053482;-89.916731;38118;Yes;603
2022-06-29;35.048381;-89.903808;38118;No;1040
2022-06-29;35.05247;-89.91818;38118;Yes;603
2022-06-29;35.034867;-89.956359;38118;No;2
2022-06-29;35.069215;-89.934329;38118;Yes;992
2022-06-29;35.054094;-89.918199;38118;No;603
2022-06-29;35.053563;-89.917206;38118;Yes;603
2022-06-29;35.050183;-89.902695;38118;No;1040
2022-06-29;35.071166;-89.932442;38118;Yes;992
2022-06-29;35.053687;-89.91743;38118;Yes;603
2022-06-29;35.052548;-89.917119;38118;Yes;603
2022-06-29;35.052548;-89.917119;38118;Yes;603
2022-06-29;35.05062;-89.954261;38118;Yes;376
2022-06-29;35.053687;-89.91743;38118;Yes;603
2022-06-29;35.047163;-89.904317;38118;Yes;1040
2022-06-29;35.052432;-89.916675;38118;Yes;603
2022-06-29;35.053482;-89.916731;38118;Yes;603
2022-06-29;35.052432;-89.916675;38118;Yes;603
2022-06-29;35.050022;-89.903168;38118;No;1040
2022-06-29;35.074972;-89.890836;38118;Yes;6
2022-06-29;35.054094;-89.918199;38118;Yes;603
2022-06-29;35.048304;-89.904149;38118;No;1040
2022-06-29;35.053687;-89.91743;38118;Yes;603
2022-06-29;35.071494;-89.934676;38118;Yes;992
2022-06-30;35.069981;-89.932983;38118;No;992
2022-06-30;35.068318;-89.933049;38118;Yes;992
2022-06-30;35.069215;-89.934329;38118;Yes;992
2022-06-30;35.051524;-89.912129;38118;Yes;130
2022-06-30;35.024003;-89.948557;38118;Yes;5
2022-06-30;35.068924;-89.933931;38118;Yes;992
2022-07-01;35.071631;-89.934344;38118;No;992
2022-07-01;35.072274;-89.926972;38118;Yes;3
2022-07-01;35.071631;-89.934344;38118;No;992
2022-07-01;35.06832;-89.934197;38118;Yes;992
2022-07-01;35.068825;-89.934395;38118;Yes;992
2022-07-01;35.068206;-89.932599;38118;Yes;992
2022-07-01;35.071121;-89.933563;38118;Yes;992
2022-07-01;35.068691;-89.932576;38118;Yes;992
2022-07-01;35.071864;-89.926379;38118;Yes;2
2022-07-01;35.068825;-89.934395;38118;Yes;992
2022-07-01;35.050124;-89.956367;38118;No;3
2022-07-01;35.068685;-89.933019;38118;Yes;992
2022-07-01;35.029403;-89.945966;38118;Yes;1
2022-07-01;35.069615;-89.933208;38118;Yes;992
2022-07-01;35.070621;-89.934626;38118;Yes;992
2022-07-01;35.035066;-89.934612;38118;No;2
2022-07-01;35.071525;-89.933563;38118;Yes;992
2022-07-01;35.068691;-89.932576;38118;Yes;992
2022-07-01;35.068043;-89.933208;38118;Yes;992
2022-07-01;35.056792;-89.903657;38118;No;2
2022-07-01;35.071522;-89.932428;38118;No;992
2022-07-01;35.069482;-89.933;38118;Yes;992
2022-07-01;35.069976;-89.934016;38118;Yes;992
2022-07-01;35.06832;-89.934197;38118;Yes;992
2022-07-01;35.069615;-89.933208;38118;Yes;992
2022-07-01;35.071309;-89.934486;38118;Yes;992
2022-07-01;35.073865;-89.898294;38118;No;4
2022-07-01;35.071525;-89.933563;38118;Yes;992
2022-07-01;35.069981;-89.932983;38118;Yes;992
2022-07-01;35.069976;-89.934016;38118;Yes;992
2022-07-01;35.071522;-89.932428;38118;Yes;992
2022-07-01;35.069482;-89.933;38118;No;992
2022-07-01;35.071095;-89.934024;38118;Yes;992
2022-07-01;35.069482;-89.933;38118;Yes;992
2022-07-01;35.069215;-89.934329;38118;Yes;992
2022-07-01;35.07039;-89.934481;38118;Yes;992
2022-07-01;35.069482;-89.933;38118;Yes;992
2022-07-01;35.069215;-89.934329;38118;Yes;992
2022-07-01;35.069615;-89.933208;38118;Yes;992
2022-07-01;35.071599;-89.933103;38118;Yes;992
2022-07-01;35.069483;-89.925598;38118;No;2
2022-07-01;35.068043;-89.933208;38118;Yes;992
2022-07-01;35.069795;-89.933659;38118;Yes;992
2022-07-01;35.070803;-89.934255;38118;Yes;992
2022-07-01;35.07083;-89.933802;38118;Yes;992
2022-07-01;35.069435;-89.933682;38118;No;992
2022-07-01;35.06832;-89.934197;38118;Yes;992
2022-07-01;35.068825;-89.934395;38118;Yes;992
2022-07-01;35.068421;-89.933731;38118;No;992
2022-07-05;35.02041;-89.951829;38118;Yes;2
2022-07-05;35.071104;-89.916904;38118;Yes;1
2022-07-06;35.050721;-89.903651;38118;No;6
2022-07-07;35.05487;-89.917033;38118;No;3
2022-07-07;35.027543;-89.95509;38118;No;31
2022-07-07;35.069148;-89.912682;38118;Yes;1
2022-07-07;35.02786;-89.956399;38118;Yes;31
2022-07-07;35.075439;-89.933862;38118;No;22
2022-07-07;35.027402;-89.956589;38118;No;31
2022-07-08;35.065951;-89.910834;38118;Yes;1
2022-07-08;35.061902;-89.896156;38118;Yes;3
2022-07-11;35.054804;-89.922165;38118;Yes;635
2022-07-11;35.058841;-89.92878;38118;Yes;1071
2022-07-11;35.059464;-89.929424;38118;Yes;1071
2022-07-11;35.05326;-89.922663;38118;Yes;635
2022-07-11;35.057426;-89.928141;38118;Yes;1071
2022-07-11;35.058333;-89.927711;38118;Yes;1071
2022-07-11;35.058682;-89.927631;38118;No;1071
2022-07-11;35.057848;-89.927536;38118;Yes;1071
2022-07-11;35.058502;-89.928875;38118;No;1071
2022-07-11;35.057842;-89.926703;38118;Yes;1071
2022-07-11;35.058627;-89.930225;38118;No;1071
2022-07-11;35.059254;-89.928887;38118;Yes;1071
2022-07-11;35.057842;-89.926703;38118;No;1071
2022-07-11;35.058581;-89.929807;38118;No;1071
2022-07-11;35.052518;-89.922695;38118;Yes;635
2022-07-11;35.058581;-89.929807;38118;Yes;1071
2022-07-11;35.058581;-89.929807;38118;Yes;1071
2022-07-12;35.052518;-89.922695;38118;Yes;635
2022-07-13;35.05863;-89.894214;38118;Yes;1
2022-07-13;35.060791;-89.92719;38118;No;10
2022-07-13;35.057848;-89.927536;38118;No;1071
2022-07-13;35.057426;-89.928141;38118;Yes;1071
2022-07-13;35.033804;-89.958994;38118;No;5
2022-07-13;35.048723;-89.957865;38118;No;2
2022-07-13;35.057426;-89.928141;38118;No;1071
2022-07-13;35.057426;-89.928141;38118;Yes;1071
2022-07-15;35.068108;-89.912803;38118;No;2
2022-07-15;35.047697;-89.899225;38118;Yes;3
2022-07-15;35.064437;-89.896967;38118;No;4
2022-07-15;35.005854;-89.961024;38118;Yes;1
2022-07-15;35.076066;-89.94648;38118;No;3
2022-07-15;35.025865;-89.946785;38118;No;2
2022-07-18;35.030179;-89.945567;38118;Yes;3
2022-07-19;35.056814;-89.918183;38118;Yes;5
2022-07-19;35.071812;-89.922638;38118;Yes;2
2022-07-19;35.065473;-89.892366;38118;No;1
2022-07-19;35.05853;-89.905328;38118;Yes;2
2022-07-19;35.060885;-89.917048;38118;Yes;354
2022-07-19;35.066475;-89.9101;38118;No;2
2022-07-20;35.052709;-89.908395;38118;Yes;334
2022-07-20;35.051766;-89.897606;38118;No;278
2022-07-20;35.051766;-89.897606;38118;Yes;278
2022-07-20;35.024367;-89.949792;38118;Yes;3
2022-07-20;35.05253;-89.899138;38118;No;278
2022-07-20;35.043896;-89.951337;38118;No;2
2022-07-20;35.05253;-89.899138;38118;Yes;278
2022-07-20;35.052709;-89.908395;38118;Yes;334
2022-07-20;35.051766;-89.897606;38118;Yes;278
2022-07-20;35.051187;-89.898415;38118;Yes;278
2022-07-20;35.052524;-89.909324;38118;Yes;334
2022-07-20;35.05253;-89.899138;38118;Yes;278
2022-07-20;35.052839;-89.898443;38118;No;278
2022-07-20;35.052586;-89.908781;38118;Yes;334
2022-07-20;35.052709;-89.908395;38118;Yes;334
2022-07-20;35.051187;-89.898415;38118;Yes;278
2022-07-20;35.044152;-89.960943;38118;Yes;6
2022-07-20;35.05178;-89.89841;38118;Yes;278
2022-07-20;35.052086;-89.908718;38118;Yes;334
2022-07-21;35.074128;-89.927152;38118;Yes;1165
2022-07-21;35.073797;-89.928802;38118;No;1165
2022-07-21;35.074128;-89.927152;38118;No;1165
2022-07-21;35.07325;-89.9259;38118;No;1165
2022-07-21;35.050183;-89.902963;38118;Yes;1040
2022-07-21;35.073547;-89.928138;38118;No;1165
2022-07-21;35.072866;-89.926491;38118;Yes;1165
2022-07-21;35.073809;-89.925677;38118;No;1165
2022-07-21;35.049387;-89.90205;38118;No;1040
2022-07-21;35.07328;-89.923668;38118;Yes;1165
2022-07-21;35.073266;-89.926651;38118;Yes;1165
2022-07-21;35.073288;-89.927841;38118;Yes;1165
2022-07-21;35.049423;-89.902507;38118;No;1040
2022-07-21;35.073624;-89.92497;38118;No;1165
2022-07-21;35.073494;-89.923974;38118;Yes;1165
2022-07-21;35.073586;-89.928422;38118;Yes;1165
2022-07-21;35.074426;-89.925671;38118;Yes;1165
2022-07-21;35.073283;-89.927462;38118;No;1165
2022-07-21;35.050183;-89.902695;38118;No;1040
2022-07-21;35.07325;-89.9259;38118;No;1165
2022-07-21;35.048295;-89.903062;38118;Yes;1040
2022-07-21;35.073585;-89.925766;38118;Yes;1165
2022-07-21;35.049155;-89.902951;38118;Yes;1040
2022-07-21;35.073547;-89.928138;38118;Yes;1165
2022-07-21;35.055342;-89.927032;38118;No;65
2022-07-21;35.073586;-89.928422;38118;Yes;1165
2022-07-21;35.073441;-89.92717;38118;Yes;1165
2022-07-21;35.07325;-89.9259;38118;Yes;1165
2022-07-21;35.073055;-89.925696;38118;No;1165
2022-07-21;35.073306;-89.924565;38118;Yes;1165
2022-07-21;35.073821;-89.926938;38118;No;1165
2022-07-21;35.074287;-89.926089;38118;Yes;1165
2022-07-21;35.047453;-89.90436;38118;Yes;1040
2022-07-21;35.073821;-89.926938;38118;Yes;1165
2022-07-21;35.047163;-89.904317;38118;Yes;1040
2022-07-21;35.073441;-89.92717;38118;Yes;1165
2022-07-21;35.049118;-89.903163;38118;No;1040
2022-07-21;35.074064;-89.92823;38118;No;1165
2022-07-22;35.056883;-89.897231;38118;Yes;2
2022-07-22;35.070219;-89.908066;38118;Yes;564
2022-07-22;35.060403;-89.922466;38118;Yes;6
2022-07-22;35.071288;-89.909555;38118;No;564
2022-07-22;35.070638;-89.909559;38118;Yes;564
2022-07-22;35.071107;-89.902591;38118;No;1
2022-07-25;35.070196;-89.906887;38118;No;564
2022-07-25;35.071283;-89.932883;38118;Yes;992
2022-07-25;35.067402;-89.932977;38118;Yes;193
2022-07-25;35.071184;-89.934705;38118;Yes;992
2022-07-25;35.054589;-89.91406;38118;Yes;12
2022-07-25;35.052518;-89.922695;38118;No;635
2022-07-25;35.067398;-89.934239;38118;Yes;193
2022-07-25;35.055635;-89.92258;38118;No;635
2022-07-25;35.067552;-89.933369;38118;Yes;193
2022-07-25;35.055159;-89.922358;38118;Yes;635
2022-07-25;35.06725;-89.933568;38118;Yes;193
2022-07-25;35.071121;-89.933563;38118;Yes;992
2022-07-25;35.070186;-89.89794;38118;Yes;1
2022-07-25;35.054291;-89.922624;38118;No;635
2022-07-25;35.071184;-89.934705;38118;Yes;992
2022-07-25;35.066938;-89.933429;38118;Yes;193
2022-07-25;35.022985;-89.950986;38118;Yes;6
2022-07-25;35.071285;-89.90892;38118;Yes;564
2022-07-26;35.051163;-89.953007;38118;No;376
2022-07-26;35.051557;-89.899164;38118;No;278
2022-07-26;35.051016;-89.952653;38118;No;376
2022-07-26;35.070242;-89.909045;38118;Yes;564
2022-07-26;35.052775;-89.897261;38118;Yes;278
2022-07-26;35.051557;-89.899164;38118;Yes;278
2022-07-26;35.051557;-89.899164;38118;Yes;278
2022-07-26;35.050508;-89.953641;38118;Yes;376
2022-07-26;35.052963;-89.909453;38118;Yes;334
2022-07-26;35.070237;-89.908861;38118;Yes;564
2022-07-27;35.054501;-89.898392;38118;No;1
2022-07-27;35.011044;-89.956897;38118;Yes;3
2022-07-27;35.010649;-89.957409;38118;No;5
2022-07-27;35.024006;-89.949451;38118;Yes;3
2022-07-27;35.055033;-89.911598;38118;No;3
2022-07-27;35.055672;-89.897353;38118;Yes;3
2022-07-27;35.057429;-89.923134;38118;Yes;1
2022-07-27;35.068679;-89.911353;38118;Yes;5
2022-07-27;35.060591;-89.894666;38118;No;3
2022-07-27;35.068349;-89.915168;38118;No;5
2022-07-27;35.068146;-89.909511;38118;Yes;1
2022-07-28;35.057054;-89.888518;38118;No;4
2022-07-28;35.073731;-89.927643;38118;Yes;1165
2022-07-28;35.065797;-89.948183;38118;Yes;3
2022-07-28;35.017842;-89.952209;38118;No;2
2022-07-28;35.025626;-89.951026;38118;Yes;1
2022-07-29;35.05712;-89.930725;38118;Yes;1071
2022-08-01;35.06063;-89.895096;38118;No;2
2022-08-01;35.070907;-89.919763;38118;Yes;2
2022-08-01;35.011801;-89.965931;38118;No;4
2022-08-01;35.052086;-89.908718;38118;No;334
2022-08-01;35.059978;-89.904228;38118;No;1
2022-08-01;35.064451;-89.924436;38118;No;2
2022-08-01;35.0405;-89.959357;38118;No;5
2022-08-01;35.069261;-89.891293;38118;No;3
2022-08-01;35.04974;-89.96012;38118;Yes;4
2022-08-01;35.052744;-89.909881;38118;Yes;334
2022-08-01;35.052586;-89.908781;38118;Yes;334
2022-08-01;35.072877;-89.92934;38118;Yes;2
2022-08-01;35.058627;-89.917347;38118;Yes;7
2022-08-01;35.052024;-89.909379;38118;No;334
2022-08-01;35.060195;-89.89466;38118;No;1
2022-08-01;35.0115;-89.956981;38118;Yes;2
2022-08-01;35.05882;-89.915512;38118;Yes;4
2022-08-02;35.017623;-89.948828;38118;Yes;4
2022-08-02;35.023151;-89.950994;38118;Yes;1
2022-08-02;35.054201;-89.904153;38118;Yes;2
2022-08-02;35.071121;-89.933563;38118;Yes;992
2022-08-02;35.048848;-89.891635;38118;Yes;3
2022-08-02;35.06832;-89.934197;38118;Yes;992
2022-08-02;35.071469;-89.926402;38118;Yes;2
2022-08-03;35.068969;-89.932786;38118;No;992
2022-08-03;35.043313;-89.898894;38118;Yes;3
2022-08-03;35.059365;-89.887805;38118;Yes;3
2022-08-04;35.072491;-89.895838;38118;Yes;8
2022-08-05;35.052518;-89.922695;38118;Yes;635
2022-08-05;35.052653;-89.922227;38118;No;635
2022-08-05;35.05326;-89.922663;38118;Yes;635
2022-08-05;35.05326;-89.922663;38118;Yes;635
2022-08-05;35.05326;-89.922663;38118;No;635
2022-08-05;35.07001;-89.910178;38118;No;3
2022-08-08;35.012266;-89.948677;38118;Yes;1
2022-08-08;35.052405;-89.911135;38118;No;130
2022-08-08;35.052501;-89.911363;38118;Yes;130
2022-08-09;35.069843;-89.933685;38118;No;992
2022-08-09;35.076365;-89.942476;38118;No;5
2022-08-09;35.06985;-89.933691;38118;Yes;992
2022-08-09;35.068043;-89.933208;38118;Yes;992
2022-08-09;35.071283;-89.932883;38118;Yes;992
2022-08-09;35.06985;-89.933691;38118;Yes;992
2022-08-09;35.07039;-89.934481;38118;No;992
2022-08-09;35.068721;-89.933725;38118;Yes;992
2022-08-09;35.069215;-89.934329;38118;Yes;992
2022-08-09;35.069435;-89.933682;38118;No;992
2022-08-09;35.068929;-89.910655;38118;No;2
2022-08-09;35.069356;-89.934789;38118;No;992
2022-08-09;35.071494;-89.934676;38118;Yes;992
2022-08-09;35.070984;-89.934611;38118;No;992
2022-08-09;35.070984;-89.934611;38118;No;992
2022-08-09;35.068421;-89.933731;38118;No;992
2022-08-09;35.071121;-89.933563;38118;Yes;992
2022-08-09;35.069981;-89.932983;38118;No;992
2022-08-09;35.069981;-89.932983;38118;No;992
2022-08-09;35.069435;-89.933682;38118;Yes;992
2022-08-10;35.045963;-89.901407;38118;No;27
2022-08-10;35.0469;-89.901343;38118;No;126
2022-08-10;35.027853;-89.955852;38118;No;31
2022-08-10;35.001986;-89.957907;38118;Yes;6
2022-08-10;35.060283;-89.910002;38118;Yes;4
2022-08-10;35.041137;-89.957149;38118;No;2
2022-08-10;35.047593;-89.901349;38118;Yes;126
2022-08-10;35.011813;-89.951618;38118;No;5
2022-08-11;35.019239;-89.954915;38118;No;1
2022-08-11;35.060502;-89.901129;38118;Yes;2
2022-08-12;35.073731;-89.927643;38118;Yes;1165
2022-08-12;35.044294;-89.92646;38118;Yes;1
2022-08-12;35.063343;-89.913506;38118;Yes;3
2022-08-12;35.06546;-89.924182;38118;Yes;1
2022-08-12;35.052803;-89.939804;38118;Yes;240
2022-08-15;35.050203;-89.923388;38118;Yes;2
2022-08-16;35.057848;-89.927536;38118;Yes;1071
2022-08-16;35.010577;-89.962247;38118;Yes;3
2022-08-16;35.057474;-89.929029;38118;Yes;1071
2022-08-16;35.055342;-89.927032;38118;No;65
2022-08-16;35.055342;-89.927032;38118;Yes;65
2022-08-16;35.057426;-89.928141;38118;Yes;1071
2022-08-16;35.055342;-89.927032;38118;Yes;65
2022-08-16;35.055342;-89.927032;38118;Yes;65
2022-08-16;35.057848;-89.927536;38118;Yes;1071
2022-08-16;35.057739;-89.930398;38118;Yes;1071
2022-08-16;35.057739;-89.930398;38118;No;1071
2022-08-16;35.057651;-89.929957;38118;Yes;1071
2022-08-16;35.058723;-89.913216;38118;Yes;1
2022-08-16;35.050677;-89.901342;38118;No;6
2022-08-16;35.058333;-89.927711;38118;No;1071
2022-08-16;35.071167;-89.919038;38118;No;3
2022-08-17;35.054808;-89.922553;38118;Yes;635
2022-08-17;35.011813;-89.951618;38118;No;5
2022-08-17;35.054136;-89.922173;38118;Yes;635
2022-08-17;35.056094;-89.922667;38118;No;635
2022-08-17;35.052806;-89.922682;38118;Yes;635
2022-08-17;35.070167;-89.909564;38118;No;564
2022-08-17;35.054808;-89.922553;38118;Yes;635
2022-08-17;35.071109;-89.909556;38118;Yes;564
2022-08-17;35.047732;-89.920289;38118;No;314
2022-08-17;35.049955;-89.919194;38118;No;314
2022-08-17;35.05972;-89.926173;38118;Yes;5
2022-08-17;35.054136;-89.922173;38118;Yes;635
2022-08-18;35.034696;-89.959972;38118;Yes;22
2022-08-18;35.016793;-89.951613;38118;No;3
2022-08-18;35.047943;-89.95635;38118;Yes;2
2022-08-18;35.016793;-89.951613;38118;No;3
2022-08-18;35.056841;-89.919195;38118;Yes;3
2022-08-19;35.027779;-89.949724;38118;No;9
2022-08-19;35.063343;-89.913506;38118;Yes;3
2022-08-19;35.059188;-89.896628;38118;Yes;7
2022-08-19;35.016793;-89.951613;38118;No;3
2022-08-19;35.011813;-89.951618;38118;No;5
2022-08-19;35.011396;-89.948611;38118;Yes;2
2022-08-22;35.02247;-89.959953;38118;No;199
2022-08-22;35.050508;-89.953641;38118;Yes;376
2022-08-22;35.050393;-89.954131;38118;No;376
2022-08-22;35.050208;-89.953475;38118;No;376
2022-08-22;35.021694;-89.9622;38118;Yes;199
2022-08-22;35.024399;-89.959677;38118;Yes;199
2022-08-22;35.05099;-89.953994;38118;Yes;376
2022-08-22;35.060254;-89.898306;38118;No;6
2022-08-22;35.05227;-89.909208;38118;No;334
2022-08-22;35.020391;-89.943772;38118;Yes;46
2022-08-22;35.050393;-89.954131;38118;No;376
2022-08-23;35.063139;-89.943916;38118;Yes;14
2022-08-23;35.052041;-89.918618;38118;No;2
2022-08-23;35.053611;-89.89727;38118;No;1
2022-08-24;35.074128;-89.927152;38118;Yes;1165
2022-08-24;35.073913;-89.923658;38118;Yes;1165
2022-08-24;35.073441;-89.92717;38118;No;1165
2022-08-24;35.073055;-89.925696;38118;Yes;1165
2022-08-24;35.074534;-89.924755;38118;Yes;1165
2022-08-24;35.07325;-89.9259;38118;Yes;1165
2022-08-24;35.074521;-89.923649;38118;No;1165
2022-08-24;35.073494;-89.923974;38118;Yes;1165
2022-08-24;35.073585;-89.925766;38118;Yes;1165
2022-08-24;35.073913;-89.923658;38118;Yes;1165
2022-08-24;35.074338;-89.926645;38118;No;1165
2022-08-24;35.074064;-89.92823;38118;Yes;1165
2022-08-24;35.074128;-89.927152;38118;No;1165
2022-08-24;35.07307;-89.926868;38118;Yes;1165
2022-08-24;35.073266;-89.926651;38118;Yes;1165
2022-08-24;35.07325;-89.9259;38118;Yes;1165
2022-08-24;35.073586;-89.928422;38118;Yes;1165
2022-08-24;35.06808;-89.912412;38118;No;10
2022-08-24;35.073821;-89.926938;38118;Yes;1165
2022-08-24;35.073091;-89.928485;38118;Yes;1165
2022-08-24;35.07325;-89.9259;38118;Yes;1165
2022-08-24;35.07328;-89.923668;38118;No;1165
2022-08-24;35.073547;-89.928138;38118;No;1165
2022-08-24;35.073266;-89.926651;38118;Yes;1165
2022-08-24;35.07307;-89.926868;38118;Yes;1165
2022-08-24;35.010806;-89.960378;38118;Yes;2
2022-08-24;35.073624;-89.92497;38118;Yes;1165
2022-08-24;35.074056;-89.927693;38118;Yes;1165
2022-08-24;35.073797;-89.928802;38118;Yes;1165
2022-08-25;35.061197;-89.926712;38118;No;1
2022-08-25;35.019604;-89.950426;38118;No;4
2022-08-26;35.057651;-89.929957;38118;No;1071
2022-08-26;35.062985;-89.928376;38118;No;354
2022-08-26;35.073606;-89.943573;38118;Yes;4
2022-08-26;35.063227;-89.929596;38118;Yes;354
2022-08-26;35.071837;-89.897528;38118;Yes;2
2022-08-26;35.061779;-89.929665;38118;Yes;354
2022-08-26;35.062667;-89.929137;38118;Yes;354
2022-08-26;35.057842;-89.926703;38118;No;1071
2022-08-26;35.062985;-89.928376;38118;Yes;354
2022-08-29;35.048277;-89.902035;38118;Yes;1040
2022-08-29;35.049668;-89.902839;38118;Yes;1040
2022-08-29;35.050183;-89.902695;38118;Yes;1040
2022-08-29;35.047453;-89.90436;38118;No;1040
2022-08-29;35.049668;-89.902839;38118;Yes;1040
2022-08-29;35.048099;-89.903798;38118;Yes;1040
2022-08-29;35.048849;-89.902501;38118;Yes;1040
2022-08-29;35.050183;-89.902695;38118;No;1040
2022-08-29;35.050183;-89.902963;38118;Yes;1040
2022-08-29;35.050661;-89.902828;38118;No;1040
2022-08-29;35.050707;-89.903228;38118;Yes;1040
2022-08-29;35.049733;-89.902341;38118;Yes;1040
2022-08-29;35.049155;-89.902951;38118;Yes;1040
2022-08-29;35.063286;-89.895956;38118;No;1
2022-08-29;35.049155;-89.902951;38118;No;1040
2022-08-29;35.047453;-89.90436;38118;Yes;1040
2022-08-30;35.061046;-89.91704;38118;Yes;354
2022-08-30;35.062146;-89.916178;38118;No;354
2022-08-30;35.011813;-89.951618;38118;No;5
2022-08-30;35.071639;-89.897042;38118;Yes;1
2022-08-30;35.061397;-89.916942;38118;Yes;354
2022-08-30;35.060545;-89.917066;38118;No;354
2022-08-30;35.062146;-89.916178;38118;Yes;354
2022-08-31;35.070628;-89.923642;38118;Yes;1
2022-08-31;35.052952;-89.908785;38118;Yes;334
2022-08-31;35.068318;-89.933049;38118;No;992
2022-08-31;35.069615;-89.933208;38118;No;992
2022-08-31;35.068421;-89.933731;38118;No;992
2022-08-31;35.06832;-89.934197;38118;No;992
2022-08-31;35.068296;-89.933398;38118;Yes;992
2022-08-31;35.069215;-89.934329;38118;Yes;992
2022-08-31;35.068296;-89.933398;38118;Yes;992
2022-08-31;35.069215;-89.934329;38118;No;992
2022-08-31;35.070215;-89.933617;38118;No;992
2022-08-31;35.06832;-89.934197;38118;No;992
2022-08-31;35.069795;-89.933659;38118;Yes;992
2022-08-31;35.070984;-89.934611;38118;No;992
2022-08-31;35.070285;-89.932816;38118;No;992
2022-08-31;35.067924;-89.926991;38118;Yes;3
2022-08-31;35.054307;-89.913581;38118;No;5
2022-08-31;35.010537;-89.96243;38118;No;4
2022-08-31;35.055246;-89.906585;38118;No;1
2022-08-31;35.069803;-89.934645;38118;No;992
2022-08-31;35.069356;-89.934789;38118;No;992
2022-08-31;35.06985;-89.933691;38118;Yes;992
2022-08-31;35.040572;-89.959967;38118;Yes;3
2022-08-31;35.069843;-89.933685;38118;No;992
2022-08-31;35.069803;-89.934645;38118;Yes;992
2022-08-31;35.011072;-89.962216;38118;Yes;1
2022-08-31;35.069179;-89.933258;38118;No;992
2022-08-31;35.069435;-89.933682;38118;No;992
2022-08-31;35.067407;-89.932593;38118;No;193
2022-09-01;35.061652;-89.926101;38118;Yes;3
2022-09-01;35.061652;-89.926101;38118;No;3
2022-09-01;35.044347;-89.948649;38118;No;2
2022-09-02;35.056024;-89.904107;38118;Yes;5
2022-09-02;35.046837;-89.895446;38118;Yes;4
2022-09-02;35.013221;-89.961665;38118;No;2
2022-09-06;35.072462;-89.907065;38118;Yes;2
2022-09-06;35.051524;-89.912129;38118;Yes;130
2022-09-07;35.052806;-89.922682;38118;No;635
2022-09-07;35.068924;-89.933931;38118;No;992
2022-09-07;35.068969;-89.932786;38118;Yes;992
2022-09-07;35.069615;-89.933208;38118;No;992
2022-09-07;35.073585;-89.925766;38118;Yes;1165
2022-09-07;35.056094;-89.922667;38118;No;635
2022-09-07;35.054136;-89.922173;38118;No;635
2022-09-07;35.068206;-89.932599;38118;Yes;992
2022-09-07;35.054136;-89.922173;38118;Yes;635
2022-09-07;35.071514;-89.934015;38118;Yes;992
2022-09-07;35.071514;-89.934015;38118;Yes;992
2022-09-07;35.056094;-89.922667;38118;No;635
2022-09-08;35.063945;-89.88974;38118;Yes;1
2022-09-08;35.05326;-89.922663;38118;No;635
2022-09-08;35.057867;-89.886836;38118;No;2
2022-09-09;35.056094;-89.922667;38118;No;635
2022-09-09;35.053548;-89.922653;38118;No;635
2022-09-09;35.053396;-89.9222;38118;No;635
2022-09-09;35.052518;-89.922695;38118;Yes;635
2022-09-09;35.056094;-89.922667;38118;No;635
2022-09-09;35.052518;-89.922695;38118;Yes;635
2022-09-09;35.056568;-89.922731;38118;No;25
2022-09-09;35.052518;-89.922695;38118;No;635
2022-09-09;35.05326;-89.922663;38118;No;635
2022-09-09;35.05326;-89.922663;38118;No;635
2022-09-09;35.052653;-89.922227;38118;No;635
2022-09-09;35.05326;-89.922663;38118;Yes;635
2022-09-09;35.055635;-89.92258;38118;Yes;635
2022-09-09;35.053802;-89.905354;38118;Yes;2
2022-09-09;35.053396;-89.9222;38118;No;635
2022-09-09;35.054291;-89.922624;38118;Yes;635
2022-09-09;35.060703;-89.917058;38118;Yes;354
2022-09-09;35.054291;-89.922624;38118;No;635
2022-09-09;35.053396;-89.9222;38118;Yes;635
2022-09-09;35.056094;-89.922667;38118;No;635
2022-09-09;35.067841;-89.902395;38118;Yes;1
2022-09-09;35.053396;-89.9222;38118;Yes;635
2022-09-09;35.061748;-89.916926;38118;No;354
2022-09-09;35.054006;-89.922635;38118;No;635
2022-09-09;35.055635;-89.92258;38118;No;635
2022-09-09;35.054006;-89.922635;38118;No;635
2022-09-09;35.053548;-89.922653;38118;Yes;635
2022-09-12;35.058333;-89.927711;38118;Yes;1071
2022-09-12;35.050316;-89.904161;38118;No;1
2022-09-12;35.057675;-89.929512;38118;Yes;1071
2022-09-12;35.057675;-89.929512;38118;Yes;1071
2022-09-12;35.058333;-89.927711;38118;Yes;1071
2022-09-12;35.059588;-89.92988;38118;Yes;1071
2022-09-12;35.057842;-89.926703;38118;Yes;1071
2022-09-12;35.055699;-89.915331;38118;No;10
2022-09-12;35.058841;-89.92878;38118;Yes;1071
2022-09-12;35.057474;-89.929029;38118;No;1071
2022-09-12;35.054006;-89.922635;38118;No;635
2022-09-12;35.057474;-89.929029;38118;Yes;1071
2022-09-12;35.059464;-89.929424;38118;No;1071
2022-09-12;35.057675;-89.929512;38118;Yes;1071
2022-09-12;35.058581;-89.929807;38118;Yes;1071
2022-09-12;35.057675;-89.929512;38118;Yes;1071
2022-09-12;35.058581;-89.929807;38118;No;1071
2022-09-12;35.057739;-89.930398;38118;Yes;1071
2022-09-13;35.055679;-89.886843;38118;No;6
2022-09-13;35.057083;-89.913105;38118;Yes;3
2022-09-15;35.052269;-89.909848;38118;No;334
2022-09-15;35.051766;-89.897606;38118;Yes;278
2022-09-15;35.05173;-89.916703;38118;Yes;603
2022-09-16;35.052104;-89.959243;38118;Yes;3
2022-09-16;35.056874;-89.907505;38118;No;4
2022-09-16;35.069843;-89.933685;38118;No;992
2022-09-16;35.029031;-89.957505;38118;Yes;197
2022-09-16;35.01286;-89.964883;38118;Yes;4
2022-09-16;35.028233;-89.956869;38118;No;197
2022-09-16;35.066999;-89.934631;38118;Yes;193
2022-09-16;35.028169;-89.955966;38118;No;197
2022-09-19;35.062335;-89.926797;38118;No;12
2022-09-20;35.047606;-89.898247;38118;Yes;1
2022-09-20;35.068825;-89.934395;38118;No;992
2022-09-20;35.070621;-89.934626;38118;Yes;992
2022-09-20;35.069909;-89.933203;38118;Yes;992
2022-09-20;35.070621;-89.934626;38118;Yes;992
2022-09-20;35.069615;-89.933208;38118;No;992
2022-09-20;35.068685;-89.933019;38118;Yes;992
2022-09-20;35.071631;-89.934344;38118;Yes;992
2022-09-20;35.069976;-89.934016;38118;No;992
2022-09-20;35.06985;-89.933691;38118;Yes;992
2022-09-20;35.068825;-89.934395;38118;No;992
2022-09-20;35.069843;-89.933685;38118;No;992
2022-09-20;35.068043;-89.933208;38118;No;992
2022-09-20;35.071283;-89.932883;38118;No;992
2022-09-20;35.068318;-89.933049;38118;Yes;992
2022-09-20;35.071599;-89.933103;38118;No;992
2022-09-20;35.069843;-89.933685;38118;No;992
2022-09-20;35.025105;-89.950005;38118;No;1
2022-09-20;35.069435;-89.933682;38118;No;992
2022-09-20;35.069843;-89.933685;38118;Yes;992
2022-09-20;35.071283;-89.932883;38118;No;992
2022-09-20;35.07083;-89.933802;38118;No;992
2022-09-20;35.06832;-89.934197;38118;No;992
2022-09-20;35.071095;-89.934024;38118;No;992
2022-09-20;35.070803;-89.934255;38118;Yes;992
2022-09-20;35.068825;-89.934395;38118;No;992
2022-09-20;35.071095;-89.934024;38118;Yes;992
2022-09-20;35.06832;-89.934197;38118;Yes;992
2022-09-20;35.068721;-89.933725;38118;Yes;992
2022-09-20;35.069843;-89.933685;38118;Yes;992
2022-09-21;35.048913;-89.895129;38118;Yes;4
2022-09-21;35.05072;-89.90408;38118;Yes;1
2022-09-22;35.061918;-89.925895;38118;No;2
2022-09-22;35.072644;-89.926163;38118;Yes;1
2022-09-22;35.068807;-89.923579;38118;No;4
2022-09-23;35.062072;-89.924141;38118;Yes;3
2022-09-23;35.025777;-89.951024;38118;Yes;7
2022-09-26;35.071864;-89.907095;38118;Yes;564
2022-09-26;35.070492;-89.909562;38118;No;564
2022-09-26;35.07021;-89.907681;38118;No;564
2022-09-26;35.070167;-89.909564;38118;No;564
2022-09-26;35.071824;-89.907673;38118;Yes;564
2022-09-26;35.071616;-89.909554;38118;Yes;564
2022-09-26;35.071835;-89.907488;38118;Yes;564
2022-09-26;35.071866;-89.906626;38118;Yes;564
2022-09-26;35.070492;-89.909562;38118;Yes;564
2022-09-26;35.071738;-89.908849;38118;Yes;564
2022-09-26;35.071849;-89.907276;38118;Yes;564
2022-09-26;35.070196;-89.906887;38118;Yes;564
2022-09-26;35.071367;-89.906771;38118;No;564
2022-09-26;35.070871;-89.908924;38118;Yes;564
2022-09-26;35.070229;-89.908466;38118;Yes;564
2022-09-27;35.02642;-89.951132;38118;Yes;4
2022-09-27;35.020436;-89.948959;38118;Yes;4
2022-09-28;35.02247;-89.959953;38118;No;199
2022-09-28;35.02825;-89.956346;38118;Yes;197
2022-09-28;35.021694;-89.9622;38118;No;199
2022-09-28;35.058765;-89.906268;38118;Yes;3
2022-09-28;35.024399;-89.959677;38118;No;199
2022-09-29;35.06002;-89.917003;38118;Yes;354
2022-09-29;35.060204;-89.91708;38118;No;354
2022-09-29;35.075439;-89.933862;38118;Yes;22
2022-09-29;35.062146;-89.916178;38118;No;354
2022-09-29;35.060204;-89.91708;38118;No;354
2022-09-29;35.04832;-89.934131;38118;No;1
2022-09-30;35.05253;-89.899138;38118;Yes;278
2022-09-30;35.05178;-89.89841;38118;No;278
2022-09-30;35.05178;-89.89841;38118;No;278
2022-09-30;35.051357;-89.897684;38118;Yes;278
2022-09-30;35.052952;-89.908785;38118;No;334
2022-09-30;35.052839;-89.898443;38118;Yes;278
2022-09-30;35.052775;-89.897261;38118;No;278
2022-09-30;35.052524;-89.909324;38118;No;334
2022-10-03;35.051714;-89.91212;38118;Yes;130
2022-10-03;35.051524;-89.912129;38118;No;130
2022-10-03;35.052678;-89.911026;38118;Yes;130
2022-10-03;35.042489;-89.893542;38118;Yes;5
2022-10-03;35.039826;-89.958;38118;No;2
2022-10-03;35.068852;-89.918846;38118;Yes;3
2022-10-04;35.067357;-89.933923;38118;No;193
2022-10-04;35.022339;-89.959935;38118;Yes;199
2022-10-04;35.053563;-89.917206;38118;Yes;603
2022-10-04;35.053225;-89.917945;38118;Yes;603
2022-10-04;35.063825;-89.900099;38118;No;3
2022-10-04;35.050806;-89.95317;38118;No;376
2022-10-04;35.052871;-89.917743;38118;No;603
2022-10-04;35.053687;-89.91743;38118;Yes;603
2022-10-04;35.021957;-89.960819;38118;Yes;199
2022-10-04;35.027484;-89.957855;38118;No;199
2022-10-04;35.05062;-89.954261;38118;No;376
2022-10-04;35.04905;-89.960768;38118;Yes;4
2022-10-04;35.057814;-89.905548;38118;No;5
2022-10-04;35.053687;-89.91743;38118;Yes;603
2022-10-04;35.044846;-89.95384;38118;No;1
2022-10-04;35.055185;-89.910366;38118;Yes;5
2022-10-04;35.067407;-89.932593;38118;Yes;193
2022-10-04;35.053687;-89.91743;38118;Yes;603
2022-10-04;35.065692;-89.892996;38118;Yes;2
2022-10-04;35.024887;-89.957387;38118;No;199
2022-10-04;35.050061;-89.953985;38118;No;376
2022-10-04;35.064957;-89.921126;38118;Yes;2
2022-10-04;35.05247;-89.91818;38118;Yes;603
2022-10-04;35.015181;-89.954033;38118;No;1
2022-10-04;35.069261;-89.891293;38118;No;3
2022-10-04;35.01639;-89.953179;38118;No;1
2022-10-04;35.054094;-89.918199;38118;Yes;603
2022-10-04;35.057888;-89.911962;38118;Yes;2
2022-10-04;35.025861;-89.9466;38118;Yes;4
2022-10-04;35.052871;-89.917743;38118;Yes;603
2022-10-04;35.053563;-89.917206;38118;Yes;603
2022-10-05;35.047248;-89.901417;38118;No;126
2022-10-06;35.066999;-89.934631;38118;Yes;193
2022-10-06;35.067398;-89.934239;38118;Yes;193
2022-10-06;35.067407;-89.932593;38118;Yes;193
2022-10-06;35.066649;-89.912443;38118;Yes;2
2022-10-07;35.070004;-89.921962;38118;No;2
2022-10-11;35.05101;-89.919161;38118;Yes;314
2022-10-12;35.02627;-89.950636;38118;No;12
2022-10-12;35.011449;-89.963931;38118;No;5
2022-10-12;35.065875;-89.925055;38118;Yes;1
2022-10-13;35.059254;-89.928887;38118;Yes;1071
2022-10-13;35.057739;-89.930398;38118;Yes;1071
2022-10-13;35.028229;-89.956611;38118;Yes;197
2022-10-13;35.029622;-89.95708;38118;No;197
2022-10-13;35.028863;-89.957325;38118;No;197
2022-10-13;35.058222;-89.92671;38118;Yes;1071
2022-10-13;35.058627;-89.930225;38118;No;1071
2022-10-13;35.058841;-89.92878;38118;Yes;1071
2022-10-13;35.057426;-89.928141;38118;Yes;1071
2022-10-13;35.06002;-89.917003;38118;Yes;354
2022-10-13;35.028243;-89.957596;38118;No;197
2022-10-13;35.059464;-89.929424;38118;Yes;1071
2022-10-13;35.058682;-89.927631;38118;Yes;1071
2022-10-13;35.029031;-89.957505;38118;Yes;197
2022-10-13;35.060885;-89.917048;38118;Yes;354
2022-10-13;35.019526;-89.948098;38118;Yes;2
2022-10-13;35.057848;-89.927536;38118;No;1071
2022-10-13;35.060885;-89.917048;38118;Yes;354
2022-10-14;35.061234;-89.887849;38118;Yes;97
2022-10-17;35.0417;-89.952891;38118;Yes;2
2022-10-18;35.071616;-89.909554;38118;Yes;564
2022-10-18;35.071849;-89.907276;38118;Yes;564
2022-10-18;35.058327;-89.913279;38118;Yes;3
2022-10-18;35.024364;-89.950335;38118;Yes;3
2022-10-18;35.070204;-89.907284;38118;Yes;564
2022-10-18;35.062975;-89.899027;38118;Yes;3
2022-10-18;35.053213;-89.897552;38118;Yes;2
2022-10-18;35.07021;-89.907681;38118;Yes;564
2022-10-18;35.071727;-89.909031;38118;Yes;564
2022-10-18;35.06985;-89.933691;38118;No;992
2022-10-18;35.071767;-89.908453;38118;Yes;564
2022-10-18;35.070065;-89.902373;38118;No;3
2022-10-18;35.070237;-89.908861;38118;Yes;564
2022-10-19;35.04745;-89.903312;38118;No;1040
2022-10-19;35.049118;-89.903163;38118;No;1040
2022-10-19;35.056375;-89.92262;38118;Yes;635
2022-10-19;35.049733;-89.902341;38118;Yes;1040
2022-10-19;35.053396;-89.9222;38118;Yes;635
2022-10-19;35.054006;-89.922635;38118;Yes;635
2022-10-19;35.048295;-89.902447;38118;No;1040
2022-10-19;35.049155;-89.902951;38118;Yes;1040
2022-10-20;35.073624;-89.92497;38118;No;1165
2022-10-20;35.073055;-89.925696;38118;No;1165
2022-10-20;35.073386;-89.92883;38118;No;1165
2022-10-20;35.048304;-89.904149;38118;No;1040
2022-10-20;35.073041;-89.924882;38118;No;1165
2022-10-20;35.073306;-89.924565;38118;No;1165
2022-10-20;35.074528;-89.924199;38118;No;1165
2022-10-20;35.073386;-89.92883;38118;No;1165
2022-10-20;35.073809;-89.925677;38118;No;1165
2022-10-20;35.073731;-89.927643;38118;No;1165
2022-10-20;35.073547;-89.928138;38118;No;1165
2022-10-20;35.073585;-89.925766;38118;No;1165
2022-10-20;35.073821;-89.926938;38118;No;1165
2022-10-20;35.073288;-89.927841;38118;No;1165
2022-10-20;35.074087;-89.925787;38118;No;1165
2022-10-20;35.073547;-89.928138;38118;No;1165
2022-10-20;35.074528;-89.924199;38118;No;1165
2022-10-20;35.074521;-89.923649;38118;No;1165
2022-10-20;35.074521;-89.923649;38118;No;1165
2022-10-20;35.074064;-89.92823;38118;No;1165
2022-10-20;35.073266;-89.926651;38118;No;1165
2022-10-20;35.073586;-89.928422;38118;No;1165
2022-10-20;35.074087;-89.925787;38118;No;1165
2022-10-20;35.073828;-89.924529;38118;No;1165
2022-10-20;35.074526;-89.923914;38118;No;1165
2022-10-20;35.073283;-89.927462;38118;No;1165
2022-10-20;35.074531;-89.924467;38118;No;1165
2022-10-20;35.073306;-89.924565;38118;No;1165
2022-10-20;35.073266;-89.926651;38118;Yes;1165
2022-10-20;35.07328;-89.923668;38118;No;1165
2022-10-20;35.07325;-89.9259;38118;No;1165
2022-10-20;35.07307;-89.926868;38118;No;1165
2022-10-20;35.074128;-89.927152;38118;No;1165
2022-10-20;35.059169;-89.89911;38118;Yes;6
2022-10-20;35.073585;-89.925766;38118;No;1165
2022-10-20;35.073903;-89.92413;38118;No;1165
2022-10-20;35.073283;-89.927462;38118;No;1165
2022-10-20;35.073913;-89.923658;38118;No;1165
2022-10-20;35.073386;-89.92883;38118;No;1165
2022-10-21;35.056458;-89.896587;38118;Yes;1
2022-10-21;35.0447;-89.957385;38118;Yes;3
2022-10-21;35.046941;-89.898663;38118;No;4
2022-10-21;35.06994;-89.892801;38118;Yes;2
2022-10-21;35.047151;-89.899647;38118;No;3
2022-10-24;35.051163;-89.953007;38118;Yes;376
2022-10-24;35.05599;-89.897941;38118;Yes;1
2022-10-24;35.052501;-89.911363;38118;Yes;130
2022-10-24;35.064303;-89.927391;38118;Yes;2
2022-10-24;35.052171;-89.911645;38118;Yes;130
2022-10-25;35.074373;-89.907847;38118;No;9
2022-10-25;35.04351;-89.945305;38118;Yes;2
2022-10-25;35.0469;-89.901343;38118;No;126
2022-10-26;35.010843;-89.959334;38118;Yes;2
2022-10-26;35.055342;-89.927032;38118;No;65
2022-10-26;35.06725;-89.933568;38118;Yes;193
2022-10-26;35.066923;-89.932841;38118;Yes;193
2022-10-26;35.067357;-89.933923;38118;Yes;193
2022-10-26;35.012625;-89.951144;38118;Yes;4
2022-10-27;35.060881;-89.903163;38118;Yes;1
2022-10-27;35.040134;-89.96327;38118;Yes;3
2022-10-27;35.05788;-89.903581;38118;Yes;3
2022-10-27;35.026096;-89.95111;38118;Yes;3
2022-10-28;35.068056;-89.93362;38118;Yes;992
2022-10-28;35.060436;-89.926163;38118;Yes;6
2022-10-28;35.069976;-89.934016;38118;No;992
2022-10-28;35.06985;-89.933691;38118;No;992
2022-10-28;35.071121;-89.933563;38118;Yes;992
2022-10-28;35.071121;-89.933563;38118;No;992
2022-10-28;35.069482;-89.933;38118;Yes;992
2022-10-28;35.071494;-89.934676;38118;No;992
2022-10-28;35.068825;-89.934395;38118;Yes;992
2022-10-28;35.035692;-89.960636;38118;Yes;4
2022-10-28;35.069435;-89.933682;38118;No;992
2022-10-28;35.068352;-89.93451;38118;No;992
2022-10-28;35.069215;-89.934329;38118;Yes;992
2022-10-28;35.052518;-89.922695;38118;Yes;635
2022-10-28;35.068624;-89.934738;38118;No;992
2022-11-01;35.02825;-89.956346;38118;No;197
2022-11-01;35.019786;-89.948495;38118;Yes;3
2022-11-01;35.057848;-89.927536;38118;Yes;1071
2022-11-01;35.028235;-89.957104;38118;No;197
2022-11-01;35.052524;-89.909324;38118;Yes;334
2022-11-01;35.028698;-89.956746;38118;Yes;197
2022-11-01;35.068268;-89.900262;38118;Yes;6
2022-11-01;35.052524;-89.909324;38118;No;334
2022-11-01;35.061023;-89.903487;38118;Yes;3
2022-11-01;35.05227;-89.909208;38118;No;334
2022-11-01;35.019349;-89.952314;38118;Yes;3
2022-11-01;35.047593;-89.901349;38118;No;126
2022-11-01;35.069418;-89.899551;38118;No;2
2022-11-01;35.029295;-89.957165;38118;Yes;197
2022-11-01;35.047248;-89.901417;38118;Yes;126
2022-11-02;35.049826;-89.903756;38118;Yes;3
2022-11-03;35.028698;-89.956746;38118;No;197
2022-11-03;35.027474;-89.951154;38118;No;5
2022-11-03;35.02402;-89.951023;38118;Yes;3
2022-11-03;35.029612;-89.95763;38118;No;197
2022-11-03;35.068043;-89.933208;38118;No;992
2022-11-03;35.069615;-89.933208;38118;No;992
2022-11-04;35.057848;-89.927536;38118;No;1071
2022-11-04;35.071616;-89.909554;38118;Yes;564
2022-11-04;35.070237;-89.908861;38118;Yes;564
2022-11-04;35.071835;-89.907488;38118;Yes;564
2022-11-07;35.059464;-89.929424;38118;No;1071
2022-11-07;35.055342;-89.927032;38118;No;65
2022-11-07;35.057739;-89.930398;38118;Yes;1071
2022-11-07;35.057842;-89.926703;38118;Yes;1071
2022-11-07;35.058581;-89.929807;38118;Yes;1071
2022-11-07;35.057675;-89.929512;38118;Yes;1071
2022-11-07;35.057426;-89.928141;38118;No;1071
2022-11-07;35.057848;-89.927536;38118;Yes;1071
2022-11-07;35.054307;-89.913581;38118;Yes;5
2022-11-07;35.066634;-89.895027;38118;Yes;4
2022-11-08;35.06342;-89.94575;38118;Yes;2
2022-11-08;35.055729;-89.911572;38118;Yes;5
2022-11-09;35.032867;-89.96041;38118;Yes;4
2022-11-10;35.056335;-89.888878;38118;No;5
2022-11-10;35.005078;-89.960584;38118;Yes;3
2022-11-14;35.064125;-89.88964;38118;Yes;5
2022-11-14;35.071783;-89.908238;38118;Yes;564
2022-11-14;35.042428;-89.908809;38118;Yes;2
2022-11-14;35.0707;-89.90731;38118;Yes;564
2022-11-14;35.070204;-89.907284;38118;Yes;564
2022-11-14;35.071727;-89.909031;38118;Yes;564
2022-11-14;35.070219;-89.908066;38118;Yes;564
2022-11-14;35.055591;-89.897936;38118;No;6
2022-11-14;35.071864;-89.907095;38118;Yes;564
2022-11-14;35.011896;-89.957917;38118;Yes;2
2022-11-14;35.071853;-89.924448;38118;Yes;1
2022-11-14;35.02627;-89.950636;38118;No;12
2022-11-14;35.055011;-89.908006;38118;Yes;1
2022-11-14;35.057636;-89.898448;38118;Yes;1
2022-11-14;35.070196;-89.906887;38118;Yes;564
2022-11-14;35.015945;-89.954201;38118;Yes;3
2022-11-14;35.047593;-89.901349;38118;No;126
2022-11-14;35.060273;-89.928825;38118;No;18
2022-11-15;35.071285;-89.90892;38118;Yes;564
2022-11-15;35.069843;-89.933685;38118;Yes;992
2022-11-16;35.058841;-89.92878;38118;Yes;1071
2022-11-16;35.056075;-89.894485;38118;Yes;1
2022-11-16;35.057461;-89.888489;38118;Yes;2
2022-11-17;35.066243;-89.891598;38118;Yes;3
2022-11-17;35.054207;-89.920044;38118;Yes;1
2022-11-18;35.019276;-89.945022;38118;No;1
2022-11-21;35.060545;-89.917066;38118;Yes;354
2022-11-21;35.071121;-89.933563;38118;No;992
2022-11-21;35.068994;-89.934722;38118;No;992
2022-11-21;35.070312;-89.909562;38118;Yes;564
2022-11-21;35.068296;-89.933398;38118;No;992
2022-11-21;35.070492;-89.909562;38118;Yes;564
2022-11-21;35.070984;-89.934611;38118;Yes;992
2022-11-21;35.071631;-89.934344;38118;Yes;992
2022-11-21;35.068318;-89.933049;38118;Yes;992
2022-11-21;35.068994;-89.934722;38118;No;992
2022-11-21;35.068685;-89.933019;38118;No;992
2022-11-21;35.071616;-89.909554;38118;Yes;564
2022-11-21;35.068421;-89.933731;38118;Yes;992
2022-11-21;35.070692;-89.906785;38118;Yes;564
2022-11-21;35.06985;-89.933691;38118;Yes;992
2022-11-21;35.071307;-89.934242;38118;No;992
2022-11-21;35.060816;-89.916097;38118;No;354
2022-11-21;35.069215;-89.934329;38118;No;992
2022-11-21;35.06985;-89.933691;38118;No;992
2022-11-21;35.071514;-89.934015;38118;No;992
2022-11-21;35.071283;-89.932883;38118;Yes;992
2022-11-21;35.071288;-89.909555;38118;Yes;564
2022-11-21;35.068624;-89.934738;38118;Yes;992
2022-11-21;35.070285;-89.932816;38118;No;992
2022-11-21;35.069215;-89.934329;38118;Yes;992
2022-11-21;35.06832;-89.934197;38118;No;992
2022-11-21;35.071285;-89.90892;38118;Yes;564
2022-11-21;35.070492;-89.909562;38118;Yes;564
2022-11-21;35.069843;-89.933685;38118;Yes;992
2022-11-21;35.06832;-89.934197;38118;Yes;992
2022-11-21;35.070218;-89.933178;38118;No;992
2022-11-21;35.069215;-89.934329;38118;Yes;992
2022-11-21;35.060885;-89.917048;38118;Yes;354
2022-11-21;35.071283;-89.932883;38118;No;992
2022-11-21;35.010603;-89.958974;38118;Yes;3
2022-11-21;35.071121;-89.933563;38118;No;992
2022-11-21;35.060545;-89.917066;38118;Yes;354
2022-11-21;35.071599;-89.933103;38118;No;992
2022-11-21;35.071525;-89.933563;38118;Yes;992
2022-11-21;35.060921;-89.910402;38118;Yes;1
2022-11-21;35.069981;-89.932983;38118;Yes;992
2022-11-21;35.070304;-89.934728;38118;Yes;992
2022-11-21;35.071307;-89.934242;38118;No;992
2022-11-21;35.068206;-89.932599;38118;Yes;992
2022-11-21;35.060188;-89.916551;38118;Yes;354
2022-11-21;35.068624;-89.934738;38118;Yes;992
2022-11-21;35.070201;-89.907099;38118;No;564
2022-11-21;35.068421;-89.933731;38118;No;992
2022-11-21;35.06985;-89.933691;38118;Yes;992
2022-11-22;35.070193;-89.906703;38118;Yes;564
2022-11-23;35.055502;-89.915839;38118;Yes;6
2022-11-28;35.047248;-89.901417;38118;No;126
2022-11-28;35.051016;-89.952653;38118;Yes;376
2022-11-28;35.05099;-89.953994;38118;No;376
2022-11-28;35.047593;-89.901349;38118;Yes;126
2022-11-28;35.070208;-89.907497;38118;No;564
2022-11-28;35.051214;-89.953584;38118;Yes;376
2022-11-28;35.050061;-89.953985;38118;Yes;376
2022-11-28;35.050208;-89.953475;38118;No;376
2022-11-28;35.058326;-89.888452;38118;Yes;5
2022-11-28;35.070219;-89.908066;38118;Yes;564
2022-11-28;35.050061;-89.953985;38118;No;376
2022-11-28;35.055756;-89.903562;38118;Yes;2
2022-11-28;35.055502;-89.915839;38118;Yes;6
2022-11-28;35.05099;-89.953994;38118;No;376
2022-11-28;35.071866;-89.906626;38118;No;564
2022-11-28;35.049423;-89.902507;38118;Yes;1040
2022-11-28;35.048295;-89.903062;38118;Yes;1040
2022-11-28;35.050061;-89.953985;38118;No;376
2022-11-28;35.070201;-89.907099;38118;Yes;564
2022-11-28;35.050022;-89.903168;38118;No;1040
2022-11-28;35.071824;-89.907673;38118;No;564
2022-11-28;35.051214;-89.953584;38118;Yes;376
2022-11-28;35.071727;-89.909031;38118;No;564
2022-11-28;35.051163;-89.953007;38118;Yes;376
2022-11-28;35.071835;-89.907488;38118;Yes;564
2022-11-28;35.048277;-89.902035;38118;Yes;1040
2022-11-28;35.071864;-89.907095;38118;Yes;564
2022-11-28;35.04745;-89.903312;38118;Yes;1040
2022-11-28;35.05062;-89.954261;38118;No;376
2022-11-28;35.050806;-89.95317;38118;No;376
2022-11-28;35.05062;-89.954261;38118;Yes;376
2022-11-28;35.071753;-89.908638;38118;Yes;564
2022-11-28;35.05099;-89.953994;38118;No;376
2022-11-29;35.049845;-89.954503;38118;Yes;1
2022-11-29;35.052171;-89.911645;38118;Yes;130
2022-11-29;35.052103;-89.896851;38118;Yes;2
2022-11-29;35.052501;-89.911363;38118;Yes;130
2022-11-30;35.047104;-89.919944;38118;Yes;314
2022-11-30;35.047323;-89.919236;38118;No;314
2022-11-30;35.060432;-89.899045;38118;No;2
2022-11-30;35.068305;-89.911361;38118;No;1
2022-11-30;35.023737;-89.960859;38118;No;199
2022-11-30;35.024393;-89.959671;38118;Yes;199
2022-12-02;35.009331;-89.957844;38118;Yes;4
2022-12-02;35.044946;-89.956596;38118;Yes;4
2022-12-02;35.067357;-89.933923;38118;Yes;193
2022-12-05;35.028233;-89.956869;38118;No;197
2022-12-05;35.057814;-89.905548;38118;Yes;5
2022-12-05;35.046344;-89.899779;38118;Yes;6
2022-12-05;35.029066;-89.957005;38118;No;197
2022-12-05;35.054299;-89.906879;38118;No;1
2022-12-07;35.071917;-89.944754;38118;Yes;4
2022-12-08;35.060591;-89.894666;38118;Yes;3
2022-12-08;35.050677;-89.901342;38118;Yes;6
2022-12-08;35.068825;-89.934395;38118;Yes;992
2022-12-09;35.063139;-89.943916;38118;No;14
2022-12-12;35.051132;-89.934697;38118;No;4
2022-12-12;35.070215;-89.933617;38118;No;992
2022-12-12;35.069843;-89.933685;38118;No;992
2022-12-12;35.06985;-89.933691;38118;No;992
2022-12-13;35.009756;-89.959051;38118;Yes;9
2022-12-13;35.051892;-89.917152;38118;Yes;603
2022-12-13;35.061533;-89.924434;38118;Yes;4
2022-12-13;35.064478;-89.915741;38118;Yes;1
2022-12-14;35.03235;-89.946538;38118;Yes;4
2022-12-14;35.053548;-89.922653;38118;Yes;635
2022-12-14;35.06394;-89.918542;38118;Yes;5
2022-12-14;35.05326;-89.922663;38118;Yes;635
2022-12-14;35.023597;-89.950143;38118;Yes;8
2022-12-15;35.057675;-89.929512;38118;Yes;1071
2022-12-16;35.052501;-89.911363;38118;Yes;130
2022-12-16;35.064437;-89.896967;38118;Yes;4
2022-12-16;35.072701;-89.942364;38118;Yes;4
2022-12-16;35.063264;-89.896565;38118;Yes;5
2022-12-19;35.058682;-89.927631;38118;No;1071
2022-12-19;35.062335;-89.926797;38118;No;12
2022-12-19;35.052649;-89.916664;38118;Yes;603
2022-12-19;35.068141;-89.920451;38118;Yes;2
2022-12-19;35.043199;-89.898366;38118;No;9
2022-12-19;35.058333;-89.927711;38118;No;1071
2022-12-19;35.05404;-89.898463;38118;Yes;1
2022-12-19;35.051892;-89.917152;38118;Yes;603
2022-12-19;35.050775;-89.959003;38118;No;1
2022-12-19;35.070233;-89.908646;38118;Yes;564
2022-12-19;35.058502;-89.928875;38118;No;1071
2022-12-19;35.057739;-89.930398;38118;Yes;1071
2022-12-19;35.057675;-89.929512;38118;Yes;1071
2022-12-19;35.058627;-89.930225;38118;Yes;1071
2022-12-19;35.046031;-89.95062;38118;Yes;1
2022-12-19;35.059464;-89.929424;38118;Yes;1071
2022-12-19;35.071364;-89.907285;38118;Yes;564
2022-12-19;35.06451;-89.912926;38118;Yes;5
2022-12-19;35.060403;-89.922466;38118;No;6
2022-12-19;35.057474;-89.929029;38118;Yes;1071
2022-12-19;35.059464;-89.929424;38118;No;1071
2022-12-19;35.058502;-89.928875;38118;Yes;1071
2022-12-20;35.060361;-89.916545;38118;No;354
2022-12-20;35.055342;-89.927032;38118;Yes;65
2022-12-20;35.060703;-89.917058;38118;No;354
2022-12-20;35.051557;-89.899164;38118;No;278
2022-12-20;35.06167;-89.916294;38118;No;354
2022-12-20;35.056568;-89.922731;38118;Yes;25
2022-12-20;35.060361;-89.916545;38118;No;354
2022-12-20;35.052024;-89.909379;38118;No;334
2022-12-20;35.061577;-89.916931;38118;No;354
2022-12-20;35.059847;-89.917011;38118;Yes;354
2022-12-20;35.052524;-89.909324;38118;Yes;334
2022-12-20;35.06002;-89.917003;38118;Yes;354
2022-12-20;35.060054;-89.917467;38118;No;354
2022-12-20;35.05326;-89.922663;38118;Yes;635
2022-12-20;35.051557;-89.899164;38118;Yes;278
2022-12-20;35.060364;-89.917073;38118;Yes;354
2022-12-20;35.052709;-89.908395;38118;Yes;334
2022-12-20;35.052586;-89.908781;38118;Yes;334
2022-12-20;35.054568;-89.922498;38118;No;635
2022-12-20;35.065153;-89.915243;38118;No;1
2022-12-20;35.054291;-89.922624;38118;No;635
2022-12-21;35.04797;-89.901292;38118;Yes;126
2022-12-21;35.050721;-89.903651;38118;Yes;6
2022-12-22;35.070304;-89.934728;38118;Yes;992
2022-12-22;35.069215;-89.934329;38118;No;992
2022-12-22;35.068318;-89.933049;38118;No;992
2022-12-22;35.071494;-89.934676;38118;No;992
2022-12-22;35.051163;-89.953007;38118;Yes;376
2022-12-22;35.070304;-89.934728;38118;Yes;992
2022-12-22;35.070984;-89.934611;38118;No;992
2022-12-22;35.068825;-89.934395;38118;Yes;992
2022-12-22;35.069981;-89.932983;38118;No;992
2022-12-22;35.06985;-89.933691;38118;No;992
2022-12-22;35.069615;-89.933208;38118;Yes;992
2022-12-22;35.071522;-89.932428;38118;Yes;992
2022-12-22;35.069976;-89.934016;38118;Yes;992
2022-12-22;35.068352;-89.93451;38118;No;992
2022-12-22;35.06832;-89.934197;38118;No;992
2022-12-22;35.071307;-89.934242;38118;No;992
2022-12-22;35.050061;-89.953985;38118;Yes;376
2022-12-22;35.06985;-89.933691;38118;Yes;992
2022-12-22;35.05062;-89.954261;38118;Yes;376
2022-12-28;35.06994;-89.892801;38118;Yes;2
2022-12-28;35.056776;-89.915643;38118;Yes;5